Rank,Platform,Website,Focus Area,Best For,Application Method,Salary Info,India Relevant,Remote Jobs,Top Tip,Priority
1,LinkedIn,linkedin.com,General / All Industries,All PM roles everywhere,Direct apply + Recruiter InMail + Network,Partial,Yes,Yes,Optimize headline with AI/B2C/Design PM keywords; connect with HRs weekly; use LinkedIn Premium for InMail,High
2,Wellfound (AngelList),wellfound.com,Startups (Seed to Series D),B2C/AI/Design startups,Direct apply (no recruiter middleman),Often listed,No,Yes,Include equity expectations; mark remote preference; great for top-100 target companies,High
3,Levels.fyi,levels.fyi,Tech compensation research + Jobs,US/EU high-paying tech PM roles,Research + referral leads,Yes (primary use),No,Yes,Use salary benchmarks to negotiate; emerging jobs board for senior PM roles,High
4,Y Combinator Jobs,workatastartup.com,YC Portfolio Companies,Seed/Series A AI + consumer startups,Direct apply via Work at a Startup,Rare,No,Yes,Best access to early-stage high-growth companies; filter by AI/Consumer/Design,High
5,Glassdoor,glassdoor.com,General (research-first),WLB research + all PM roles,Direct apply + job alerts,Partial,Yes,Partial,Set alerts for your top 20 target companies; read reviews before interviewing,High
6,Otta,otta.com,Tech Startups UK/EU,EU-based design/AI companies (Typeform/Framer/Krea AI),Direct apply,Partial,No,Yes,Best for EU companies; curated quality; strong for remote-friendly EU roles,High
7,Himalayas,himalayas.app,Remote-first Global,Fully remote PM roles,Direct apply,Yes,No,Yes,Filter by timezone and compensation upfront; many AI/design companies post here,High
8,We Work Remotely,weworkremotely.com,Remote Global,Fully remote PM roles,Direct apply,Partial,No,Yes,High-quality curated remote listings; many design-first and AI companies,High
9,Remote OK,remoteok.com,Remote Global,Remote AI/Design PM roles,Direct apply,Sometimes,No,Yes,Tag-based filtering - use AI + design + consumer tags,Medium
10,Cutshort,cutshort.io,India Tech Startups,India PM roles (CRED/Meesho/Zepto/PhonePe),Direct apply + AI matching,Sometimes,Yes,Partial,Best India platform after LinkedIn; strong signal matching for PM profiles,High
11,Instahyre,instahyre.com,India VC-backed Startups,India Series A-D startups,Direct apply,Partial,Yes,No,Good for VC-backed India startups; less spam than Naukri,High
12,iimjobs.com,iimjobs.com,India Senior/Leadership Roles,India PM roles 25L+ LPA,Apply + Recruiter outreach,Partial,Yes,No,Best for senior Indian PM roles; quality over quantity; tier-1 MBA friendly,High
13,Naukri,naukri.com,India General,India public companies + large startups,Direct apply,Partial,Yes,Partial,Use for Swiggy/Darwinbox/PhonePe; keep profile updated with AI keywords,Medium
14,Hirist.tech,hirist.com,India Tech,India product/tech roles,Direct apply,Partial,Yes,No,Less noise than Naukri; focused tech and product roles,Medium
15,Hired,hired.com,US/EU Tech,US/EU senior PM roles with pre-vetted salary,Reverse recruiting (companies apply to you),Yes,No,Yes,Negotiate salary upfront before interviews; good for US-based opportunities,Medium
16,Underdog.io,underdog.io,US Startups (Series A-C),US startup PM roles,Weekly curated batch apply,Partial,No,Yes,Single weekly submission reviewed by startups; less competition than LinkedIn,Medium
17,Behance / Dribbble Jobs,behance.net/joblist,Design-First Companies,Design-excellence companies (Figma/Canva adjacent),Direct apply,Rare,No,Partial,Best for design-first PM roles; signals strong design sensibility to employers,Medium
18,Contra,contra.com,Remote Freelance to FTE,Early-stage / bootstrapped companies,Consulting project first then convert to FTE,Yes,No,Yes,Start with a consulting engagement with target company; convert to full-time,Low
19,Lenny's Job Board,lennysnewsletter.com/jobs,Product/PM Community,Top-tier product companies,Direct apply,Partial,No,Yes,Curated by top PM community; companies that post here value PM craft,High
20,VC Portfolio Job Boards,various (a16z/Sequoia/Accel),VC Portfolio Companies,Top-tier AI/consumer startups,Direct apply via VC job pages,Rare,No,Yes,"Check a16z jobs, Sequoia jobs, Accel jobs boards for portfolio company openings",Medium
