Rank,Company,Website,Headquarters,Industry/Domain,B2C/B2B,Remote Policy,CTC Min (INR LPA),CTC Max (INR LPA),Currency,CTC Source,Role Types,Hiring Status,Role Impact Signal,Stage,Total Funding (USD),Latest Round (USD),Latest Round Date,Investors,Profitability,Revenue Estimate,WLB Rating,Visa Sponsorship,Domain Growth Score,Industry Alignment Score (0-10),Comp Score (0-10),Stability & Growth Score (0-10),Work Mode Score (0-10),WLB Score (0-10),Match Score (0-100)
1,Midjourney,midjourney.com,San Francisco USA,AI Image Generation,B2C,Fully Remote,1700,2125,USD,Levels.fyi estimate,PM/SPM,Active,High,Bootstrapped,0,0,N/A,None,Yes,~$300M ARR,4.5,No,9,10,10,9.5,10,9,96.0
2,Perplexity AI,perplexity.ai,San Francisco USA,AI Search B2C,B2C,Hybrid/Remote-ok,1530,1870,USD,Levels.fyi,PM/SPM,Active,High,Series D,500000000,73600000,2025,IVP/NEA,No,~$100M ARR,4.3,Yes,10,10,9,9,8,8.5,90.6
3,Suno,suno.ai,Cambridge USA,AI Music Generation,B2C,Hybrid,1275,1700,USD,Levels.fyi estimate,PM/SPM,Active,High,Series C,265000000,250000000,Nov-2025,"Menlo Ventures,NVIDIA,Lightspeed",No,$300M ARR,4.0,No,9,10,8.5,9.5,8,8,89.3
4,ElevenLabs,elevenlabs.io,New York USA,Generative Audio,Both,Remote-friendly,1275,1615,USD,Levels.fyi,PM/SPM,Active,High,Series C,281000000,180000000,2025,"a16z,Sequoia",No,~$100M ARR,4.2,No,9,9,8.5,9,9,8.5,89.0
5,Figma,figma.com,San Francisco USA,AI Design Tools,Both,Hybrid SF,1530,1870,USD,Levels.fyi,PM/SPM/Lead PM,Active,High,Pre-IPO,0,Profitable,N/A,None,Yes,~$600M ARR,4.5,Yes,9,10,9,9,6,9,88.8
6,Canva,canva.com,Sydney Australia,AI Design Tools,Both,Hybrid/Remote,1105,1530,USD,Levels.fyi,PM/SPM,Active,High,Late Stage,560000000,Profitable,N/A,None,Yes,~$2B ARR,4.3,Yes,9,10,8,9,8,8.5,87.8
7,Runway ML,runwayml.com,New York USA,AI Video Generation,Both,Hybrid NY,1275,1700,USD,Levels.fyi,PM/SPM,Active,High,Series D,236500000,141000000,2024,"Google,Salesforce,NVIDIA",No,~$100M ARR,4.2,No,9,9,8.5,9,7,8.5,87.3
8,Notion,notion.so,San Francisco USA,AI Productivity,Both,Hybrid/Remote-ok,1360,1700,USD,Levels.fyi,PM/SPM/Lead PM,Active,High,Series C,343000000,275000000,2022,"Coatue,Sequoia",No,~$300M ARR,4.4,No,8,9,9,8.5,8,8.5,87.1
9,Duolingo,duolingo.com,Pittsburgh USA,AI EdTech B2C,B2C,Hybrid Pittsburgh,1360,1530,USD,Levels.fyi,PM/SPM/Lead PM,Active,High,Public,0,Profitable,N/A,None,Yes,~$500M ARR,4.5,Yes,9,10,8.5,9,5,9,86.5
10,Spotify,spotify.com,Stockholm Sweden,Music Streaming + AI,B2C,Hybrid/Remote,1190,1700,USD,Levels.fyi,PM/SPM,Active,High,Public,0,Profitable,N/A,None,Yes,~$14B Revenue,4.2,Yes,9,9,9,8.5,7,8.5,86.4
11,Lovable,lovable.dev,Stockholm Sweden,AI App Builder,Both,Remote-first,1020,1360,USD,Glassdoor estimate,PM/SPM,Active,High,Series A,50000000,50000000,2025,Creandum,No,$100M ARR,4.3,No,9,9,8,9,10,8.5,86.1
12,Pika Labs,pika.art,Palo Alto USA,AI Video B2C,Both,Hybrid SF,1190,1530,USD,Levels.fyi estimate,PM/SPM,Active,High,Series A,135000000,80000000,2025,"Lightspeed,Spark Capital",No,~$50M ARR,4.0,No,9,9,8,8.5,7,8,84.3
13,Webflow,webflow.com,San Francisco USA,No-code Design,Both,Remote-first,1190,1530,USD,Levels.fyi,PM/SPM,Active,High,Series C,333000000,140000000,2022,"Accel,Y Combinator",No,~$200M ARR,4.4,No,8,10,8,8.5,10,8.5,84.1
14,CRED,cred.club,Bangalore India,Consumer Fintech,B2C,Hybrid Bangalore,45,65,INR,AmbitionBox,PM/SPM/CoS,Active,High,Series F,900000000,140000000,2023,"GIC,Tiger Global",No,~$200M ARR,4.2,No,8,8,8,8,6,8.5,80.3
15,Meesho,meesho.com,Bangalore India,Social Commerce B2C,B2C,Hybrid Bangalore,40,55,INR,AmbitionBox,PM/SPM,Active,High,Series F,1128000000,570000000,2023,"Fidelity,B Capital",No,Approaching profitable,3.8,No,9,10,7,8,6,7.5,79.6
16,Framer,framer.com,Amsterdam Netherlands,AI Web Design,Both,Remote-first,70,105,EUR,Glassdoor,PM/SPM,Active,High,Series B,27000000,27000000,2022,"Atomico,Index",No,~$50M ARR,4.4,No,9,10,7,8,10,8.5,79.1
17,Whatnot,whatnot.com,Los Angeles USA,Live Commerce B2C,B2C,Hybrid/Remote,1275,1615,USD,Levels.fyi estimate,PM/SPM,Active,High,Series D,685000000,490000000,2025,"a16z,CapitalG",No,~$500M GMV,4.0,No,8,9,8,8.5,7,8,79.1
18,Replika,replika.ai,San Francisco USA,AI Companion,B2C,Hybrid SF,1020,1360,USD,Glassdoor estimate,PM/SPM,Active,High,Series A,10900000,10900000,2021,"Khosla Ventures",No,~$20M ARR,4.0,No,9,10,7,6,7,8,78.2
19,Niantic,nianticlabs.com,San Francisco USA,AR + Spatial B2C,B2C,Hybrid SF,1275,1657,USD,Levels.fyi,PM/SPM,Active,High,Series D,765000000,300000000,2022,"Coatue,IVP",No,~$900M Revenue,4.0,No,7,9,8,7.5,7,8,76.6
20,ShopMy,shopmy.us,New York USA,Creator Commerce,B2C,Hybrid NY,1105,1445,USD,Glassdoor estimate,PM/SPM,Active,High,Series B,187500000,147500000,2025,"Bessemer,GC",No,~$100M ARR,4.0,No,9,9,8,8.5,7,8,76.4
21,Superhuman,superhuman.com,San Francisco USA,AI Email Client,Both,Remote-first,1190,1530,USD,Levels.fyi,PM/SPM,Active,High,Series C,75000000,75000000,2022,"Andreessen Horowitz",No,~$25M ARR,4.5,No,8,9,8,8,10,9,76.3
22,Roblox,roblox.com,San Mateo USA,UGC Gaming Platform,B2C,Hybrid San Mateo,1445,1785,USD,Levels.fyi,PM/SPM/Lead PM,Active,High,Public,0,Not profitable,N/A,None,No,~$1.4B Revenue,3.7,No,8,9,9,8.5,5,7.5,76.1
23,Inworld AI,inworld.ai,Mountain View USA,AI Gaming/NPCs,Both,Hybrid Mountain View,1190,1530,USD,Glassdoor estimate,PM/SPM,Active,High,Series B,110000000,50000000,2024,"NetEase,Intel Capital",No,~$50M ARR,4.0,No,8,9,8,8.5,6,8,75.5
24,Gong,gong.io,San Francisco USA,Revenue Intelligence AI,B2B,Remote-friendly,1360,1700,USD,Levels.fyi,PM/SPM,Active,High,Series E,584000000,250000000,2022,"Sequoia,Salesforce",No,~$200M ARR,3.8,No,8,7,9,8,8,7.5,74.5
25,Bloomreach,bloomreach.com,Mountain View USA,AI Commerce Personalization,B2B,Hybrid,1190,1530,USD,Levels.fyi,PM/SPM,Active,High,Series E,675000000,150000000,2022,"Sixth Street",No,~$200M ARR,4.0,No,9,8,8,8,6,8,74.3
26,Figma India PM,figma.com,Bangalore India,AI Design Tools,Both,Remote,50,80,INR,Levels.fyi,PM/SPM,Active,High,Pre-IPO,0,Profitable,N/A,None,Yes,~$600M ARR,4.5,Yes,9,10,8,9,10,9,74.1
27,Dream Games,dreamgames.com,Istanbul Turkey,Mobile Gaming B2C,B2C,Hybrid Istanbul,85,119,USD,Glassdoor estimate,PM/SPM,Active,High,Series C,555000000,255000000,2023,"IVP,Index Ventures",No,~$500M Revenue,4.0,No,8,9,7,8,5,8,73.7
28,Google DeepMind (Gemini PM),deepmind.google,USA/India,Consumer AI,B2C,Hybrid,60,100,INR,AmbitionBox (India),PM/SPM,Active,High,Public,0,Profitable,N/A,None,Yes,Massive,4.0,Yes,10,10,8,10,6,8,73.5
29,Krea AI,krea.ai,London UK,Real-time AI Image Gen,B2C,Remote,85,128,EUR,Glassdoor estimate,PM/SPM,Active,High,Seed,5000000,5000000,2024,"Y Combinator",No,~$5M ARR,4.2,No,9,10,7,7.5,10,8.5,73.3
30,Darwinbox,darwinbox.com,Hyderabad India,HR Tech SaaS,B2B,Hybrid Hyderabad,30,45,INR,AmbitionBox,PM/SPM,Active,High,Series D,110000000,72000000,2022,"Microsoft,TPG",No,~$50M ARR,4.0,No,8,6,6,7.5,6.5,8,65.9
31,Razorpay,razorpay.com,Bangalore India,Fintech B2B/B2C,Both,Hybrid Bangalore,40,55,INR,AmbitionBox,PM/SPM,Active,High,Series F,741500000,375000000,2021,"Sequoia,GIC",No,~$200M ARR,3.8,No,7,8,7,8,6,7.5,72.8
32,Swiggy,swiggy.com,Bangalore India,Food Delivery B2C,B2C,Hybrid Bangalore,35,55,INR,AmbitionBox,PM/SPM/GM,Active,High,Public,1600000000,IPO,Nov-2024,N/A,No,~$3.5B Revenue,3.7,No,7,9,7,7.5,6,7.5,71.9
33,Zepto,zeptonow.com,Mumbai India,Quick Commerce B2C,B2C,Hybrid Mumbai,40,55,INR,AmbitionBox,PM/SPM,Active,High,Series G,1400000000,350000000,2025,"Dragon Fund,Nexus",No,~$1B Revenue,3.8,No,9,10,7,8,5,7.5,71.8
34,Groww,groww.in,Bangalore India,Consumer Investing,B2C,Hybrid Bangalore,40,55,INR,AmbitionBox,PM/SPM,Active,High,Series F,393000000,251000000,2021,"Sequoia,Y Combinator",No,~$100M Revenue,3.9,No,7,9,7,7.5,6,8,71.6
35,PhonePe,phonepe.com,Bangalore India,Digital Payments,Both,Hybrid Bangalore,40,60,INR,AmbitionBox,PM/SPM,Active,High,Pre-IPO,850000000,850000000,2023,"General Atlantic,Walmart",No,Profitable,3.8,No,7,8,7,8.5,6,7.5,71.4
36,Uizard,uizard.io,Copenhagen Denmark,AI UI Design Tool,Both,Remote-friendly,85,119,USD,Glassdoor estimate,PM/SPM,Active,High,Series A,15000000,15000000,2022,"EQT Ventures,Balderton",No,~$10M ARR,4.1,No,9,10,7,7,8,8,71.0
37,Typeform,typeform.com,Barcelona Spain,Conversational UX,Both,Remote-first,70,102,EUR,Glassdoor,PM/SPM,Active,High,Series B,135000000,135000000,2021,"General Atlantic",No,~$100M ARR,4.2,No,8,9,7,7.5,10,8.5,70.5
38,Clay,clay.com,New York USA,AI Outbound Sales,B2B,Hybrid NY,1105,1445,USD,Levels.fyi estimate,PM/SPM,Active,High,Series B,46000000,40000000,2024,"Sequoia,Meritech",No,~$50M ARR,4.1,No,8,7,7,8,6,8,69.8
39,Mercor,mercor.com,San Francisco USA,AI Hiring Platform,Both,Hybrid SF,1105,1445,USD,Glassdoor estimate,PM/SPM,Active,High,Series A,30000000,30000000,2024,"General Catalyst",No,~$100M ARR,4.0,No,8,8,7,8.5,7,8,69.6
40,Gem,gem.com,San Francisco USA,AI Recruiting CRM,B2B,Hybrid SF,1190,1487,USD,Levels.fyi,PM/SPM,Active,Medium,Series C,121000000,100000000,2022,"Accel,Y Combinator",No,~$50M ARR,4.0,No,8,7,7,7.5,6,8,68.9
41,Lenskart,lenskart.com,Gurugram India,D2C Eyewear,B2C,Hybrid Gurugram,35,50,INR,AmbitionBox,PM/SPM,Active,High,Series I,1000000000,500000000,2022,"SoftBank,Temasek",No,~$800M Revenue,3.8,No,7,9,6,7.5,5,7.5,65.6
42,Splice,splice.com,New York USA,Music Creator Tools,B2C,Hybrid NY,1105,1360,USD,Glassdoor,PM/SPM,Active,High,Series D,135000000,55000000,2021,"USV,Khosla",No,~$100M ARR,4.0,No,9,9,7,7,6,8,68.5
43,Loom (Atlassian),loom.com,San Francisco USA,Video Communication,Both,Remote,1275,1530,USD,Levels.fyi,PM/SPM,Active,Medium,Acquired,975000000,Acquired,Oct-2023,Atlassian,No,~$100M ARR,4.2,No,7,8,8,8,10,8.5,68.5
44,upGrad,upgrad.com,Mumbai India,EdTech B2C,B2C,Hybrid Mumbai,30,45,INR,AmbitionBox,PM/SPM/CoS,Active,High,Series F,600000000,210000000,2023,"IFC,IIFL",No,~$500M Revenue,3.7,No,7,8,6,7,5,7.5,65.2
45,Snap Inc.,snap.com,Santa Monica USA,AR / Social,B2C,Hybrid,1275,1615,USD,Levels.fyi,PM/SPM,Active,High,Public,0,Not profitable,N/A,None,Yes,~$5B Revenue,3.8,No,7,9,8,6,6,7.5,67.8
46,Ashby,ashbyhq.com,San Francisco USA,AI ATS,B2B,Remote-first,1105,1402,USD,Glassdoor,PM/SPM,Active,High,Series C,30000000,30000000,2023,"Lachy Groom,Y Combinator",No,~$25M ARR,4.3,No,8,7,7,7.5,10,8.5,67.8
47,Beamery,beamery.com,London UK,Talent Intelligence,B2B,Hybrid London,595,850,USD,Glassdoor UK,PM/SPM,Active,High,Series D,138000000,50000000,2022,"EQT,Workday",No,~$30M ARR,4.0,No,8,7,7,7.5,6,8,67.0
48,Boomy,boomy.com,San Francisco USA,AI Music B2C,B2C,Remote,850,1190,USD,Glassdoor estimate,PM/SPM,Active,High,Seed,6000000,6000000,2021,"Techstars",No,~$5M ARR,4.0,No,9,10,6,6,10,8,66.8
49,Pika Labs,pika.art,Palo Alto USA,AI Video,Both,Hybrid,1105,1445,USD,Glassdoor estimate,PM,Active,High,Series A,135000000,80000000,2025,"Lightspeed",No,~$30M ARR,4.0,No,9,9,7,8.5,7,8,66.5
50,Hume AI,hume.ai,New York USA,Emotional AI Voice,Both,Hybrid NY,1105,1445,USD,Glassdoor estimate,PM/SPM,Active,High,Series B,100000000,50000000,2025,"Union Square,EQT",No,~$20M ARR,4.0,No,9,9,7,8.5,7,8,66.5
51,Miro,miro.com,San Francisco USA,Collaborative Whiteboard,Both,Hybrid,1190,1487,USD,Levels.fyi,PM/SPM,Active,High,Series D,476000000,400000000,Oct-2025,"ICONIQ,Accel",No,~$500M ARR,4.2,No,7,8,7.5,8.5,6,8.5,66.3
52,Descript,descript.com,San Francisco USA,AI Audio/Video Editing,Both,Remote-friendly,1445,2000,USD,Glassdoor,PM/SPM,Active,High,Series C,104000000,50000000,2022,OpenAI Fund,No,~$30M ARR,4.2,No,9,9,9,7,8,8.5,66.3
53,Synthesia,synthesia.io,London UK,AI Video Avatars,Both,Hybrid London/Remote EU,680,1020,USD,Glassdoor UK,PM/SPM,Active,High,Series E,530000000,200000000,2025,"General Atlantic",Yes,~$100M ARR,4.2,No,9,8,7,8.5,7,8.5,65.5
54,Amplitude,amplitude.com,San Francisco USA,Product Analytics,B2B,Hybrid,1190,1487,USD,Levels.fyi,PM/SPM,Active,High,Public + Growth,150000000,150000000,Oct-2025,"Sequoia",Near prof,~$300M ARR,4.0,No,6,7,7,8,6,8,62.4
55,HeyGen,heygen.com,Los Angeles USA,AI Video Generation,Both,Remote-friendly,1360,1700,USD,Glassdoor,PM/SPM,Active,High,Series A,65600000,60000000,Jun-2024,"Benchmark",No,~$100M ARR,4.2,No,9,9,8,8.5,9,8.5,66.1
56,Locofy.ai,locofy.ai,Singapore,Design-to-Code AI,Both,Remote,850,1190,USD,Glassdoor estimate,PM/SPM,Active,High,Seed,7000000,7000000,2023,"Sequoia SEA",No,~$5M ARR,4.0,No,9,10,6,7,10,8,65.8
57,Linear,linear.app,San Francisco USA,Dev/PM Tools,Both,Remote-friendly,1190,1487,USD,Levels.fyi,PM/SPM,Active,High,Series B,52000000,35000000,2022,"Sequoia,Accel",No,~$50M ARR,4.5,No,7,8,7.5,7.5,9,9,65.6
58,Lottiefiles,lottiefiles.com,Malaysia,Design Animation,Both,Remote,680,1020,USD,Glassdoor estimate,PM/SPM,Active,Medium,Series B,37000000,37000000,2022,"Sequoia SEA",No,~$20M ARR,4.2,No,7,9,6,7,10,8.5,65.3
59,Moon Active,moonactive.com,Tel Aviv Israel,Mobile Gaming,B2C,Hybrid Tel Aviv,1020,1360,USD,Glassdoor estimate,PM/SPM,Active,High,Bootstrapped,0,Profitable,N/A,None,No,~$1B ARR,4.0,No,8,9,7,9.5,5,8,65.3
60,Notion India PM,notion.so,India/Remote,Productivity AI,Both,Remote,50,70,INR,AmbitionBox,PM/SPM,Active,High,Series C,343000000,275000000,2022,"Coatue,Sequoia",No,~$300M ARR,4.4,No,8,9,7,8.5,10,8.5,65.1
61,Typeface,typeface.ai,San Francisco USA,AI Content Enterprise,B2B,Hybrid SF,1190,1700,USD,Levels.fyi,PM/SPM,Active,High,Series B,165000000,100000000,2023,"Lightspeed,GV",No,~$50M ARR,4.0,No,8,7,8,8.5,6,8,64.5
62,BharatPe,bharatpe.com,New Delhi India,Merchant Fintech,Both,Hybrid Delhi,25,40,INR,AmbitionBox,PM/SPM,Active,Medium,Series E,583000000,370000000,2021,"Tiger Global,Insight",No,Approaching profitable,3.5,No,6,7,5,7,5,7,58.0
63,Mensa Brands,mensabrands.com,Bangalore India,D2C Brand Portfolio,B2C,Hybrid Bangalore,25,40,INR,AmbitionBox,PM/SPM,Active,High,Series B,135000000,135000000,2021,"Accel,Falcon Edge",No,~$100M Revenue,3.7,No,7,9,5,6,6,7.5,57.5
64,Sprig,sprig.com,San Francisco USA,User Research AI,B2B,Hybrid SF,1105,1402,USD,Glassdoor,PM/SPM,Active,High,Series B,90000000,30000000,2022,"Accel,Y Combinator",No,~$15M ARR,4.2,No,7,8,7,7,7,8.5,63.5
65,FullStory,fullstory.com,Atlanta USA,Digital Experience Analytics,B2B,Hybrid,1190,1487,USD,Levels.fyi,PM/SPM,Active,High,Series D,235000000,235000000,2021,"GV,Kleiner Perkins",No,~$100M ARR,4.0,No,6,7,7.5,7.5,6,8,62.6
66,Leena AI,leena.ai,Gurugram India,AI HR Automation,B2B,Hybrid Gurugram,25,40,INR,AmbitionBox,PM/SPM,Active,High,Series B,30000000,30000000,2022,"Greycroft,Elad Gil",No,~$15M ARR,4.0,No,8,6,5,7,5,8,57.5
67,Maze,maze.co,San Francisco USA,Product Research,B2B,Remote-first,1020,1317,USD,Glassdoor,PM/SPM,Active,High,Series B,40000000,40000000,2022,"Emergence,Accel",No,~$15M ARR,4.3,No,7,8,7,7,10,8.5,63.1
68,Braze,braze.com,New York USA,Customer Engagement,B2B,Hybrid,1190,1487,USD,Levels.fyi,PM/SPM,Active,High,Public,0,Near profitable,N/A,None,No,~$500M ARR,3.8,No,6,7,7.5,8,6,7.5,62.3
69,Klaviyo,klaviyo.com,Boston USA,Email Marketing + AI,Both,Hybrid,1190,1487,USD,Levels.fyi,PM/SPM,Active,High,Public,0,Profitable,N/A,None,No,~$1B ARR,4.0,No,7,7,7.5,8.5,5,8,62.0
70,Appcharge,appcharge.com,Tel Aviv Israel,Gaming Monetization,B2B,Hybrid Tel Aviv,850,1190,USD,Glassdoor estimate,PM/SPM,Active,High,Series B,58000000,58000000,2025,"Insight,Citi",No,~$20M ARR,4.0,No,8,7,6,7.5,5,8,61.4
71,Keka,keka.com,Hyderabad India,HR SaaS,B2B,Hybrid Hyderabad,17,28,INR,AmbitionBox,PM/SPM,Active,High,Series A,57000000,57000000,2022,"WestBridge",No,~$15M ARR,4.1,No,6,6,4,6.5,6.5,8,55.6
72,Headspace Health,headspace.com,Santa Monica USA,Mental Wellness AI,B2C,Hybrid,1105,1402,USD,Glassdoor,PM/SPM,Active,High,Series D,220000000,93000000,2021,"Achmea,Nike",No,~$100M ARR,4.5,No,7,8,7,7,6,9,61.0
73,BeReal (Voodoo),bereal.com,Paris France,Consumer Social,B2C,Hybrid/Remote EU,595,850,USD,Glassdoor estimate,PM/SPM,Active,High,Acquired,500000000,Acquired,2024,Voodoo,No,~$20M ARR,3.8,No,8,9,6,6.5,7,7.5,60.5
74,Talkdesk,talkdesk.com,San Francisco USA,Cloud Contact Center AI,B2B,Hybrid,1105,1402,USD,Levels.fyi,PM/SPM,Active,High,Series D,498000000,230000000,2022,"Salesforce,Top Tier",No,~$300M ARR,3.8,No,8,7,7,7.5,6,7.5,60.4
75,Glean,glean.com,Palo Alto USA,Enterprise Search AI,B2B,Hybrid,1275,1572,USD,Levels.fyi,PM/SPM,Active,High,Series D,600000000,200000000,2024,"Sequoia,Kleiner",No,~$100M ARR,3.8,No,9,7,8,8.5,6,7.5,60.4
76,Intercom,intercom.com,San Francisco USA,Customer Support AI,Both,Hybrid,1105,1402,USD,Levels.fyi,PM/SPM,Active,High,Series D,296000000,125000000,2018,"Bessemer,ICONIQ",Yes,~$250M ARR,4.2,No,8,8,7,7.5,6,8.5,60.3
77,Loom Atlassian (Remote),loom.com,Remote,Video + AI,Both,Remote,1190,1530,USD,Levels.fyi,PM/SPM,Active,Medium,Acquired,975000000,Acquired,2023,Atlassian,No,~$100M ARR,4.2,No,7,8,8,8,10,8.5,60.2
78,Apollo.io,apollo.io,San Francisco USA,Sales Intelligence,B2B,Hybrid,1105,1360,USD,Glassdoor,PM/SPM,Active,High,Series D,251000000,100000000,2023,"Sequoia,Tribe Capital",No,~$100M ARR,4.0,No,8,7,7,8,6,8,59.8
79,Character.ai,character.ai,Menlo Park USA,AI Companion,B2C,Hybrid,1190,1487,USD,Levels.fyi,PM/SPM,Active,High,Series A,150000000,150000000,2024,"a16z",No,~$100M ARR,4.0,No,9,10,7,7,6,8,59.7
80,Murf AI,murf.ai,Bangalore India,AI Voice Generator,Both,Hybrid Bangalore,17,28,INR,AmbitionBox,PM/SPM,Active,High,Series A,10000000,10000000,2023,"Elevation Capital",No,~$10M ARR,4.1,No,8,8,4,7,6,8,56.4
81,Beatoven.ai,beatoven.ai,Bangalore India,AI Music India,B2C,Hybrid Bangalore,12,20,INR,AmbitionBox estimate,PM/SPM,Active,High,Seed,1500000,1500000,2022,"India Quotient",No,~$2M ARR,4.0,No,9,10,3,5,6,8,54.6
82,Soundraw,soundraw.io,Tokyo Japan,AI Music for Creators,B2C,Remote,680,1020,USD,Glassdoor estimate,PM/SPM,Active,High,Seed,5000000,5000000,2023,N/A,No,~$5M ARR,4.0,No,9,10,6,6,10,8,64.4
83,Naukri (Info Edge),naukri.com,Noida India,Job Platform B2C,Both,Hybrid Noida,22,35,INR,AmbitionBox,PM/SPM,Active,High,Public,0,Profitable,N/A,None,No,~$300M Revenue,4.0,No,6,7,5,8,5,8,53.5
84,iimjobs.com,iimjobs.com,Noida India,Senior Job Platform,B2B,Hybrid Noida,18,28,INR,AmbitionBox,PM/SPM,Active,Medium,Subsidiary,N/A,N/A,N/A,Info Edge,No,~$20M Revenue,4.0,No,5,6,4,6,5,8,48.8
85,Clari,clari.com,Sunnyvale USA,Revenue Ops AI,B2B,Hybrid,1190,1487,USD,Levels.fyi,PM/SPM,Active,High,Series F,485000000,150000000,2022,"Sequoia,Bain Capital",No,~$200M ARR,3.8,No,8,7,7.5,8,6,7.5,60.1
86,6sense,6sense.com,San Francisco USA,ABM + AI Revenue,B2B,Remote-friendly,1190,1487,USD,Levels.fyi,PM/SPM,Active,High,Series E,446000000,200000000,2022,"D1 Capital,Harmony",No,~$200M ARR,3.8,No,8,7,7.5,8,8,7.5,60.1
87,Qualified,qualified.com,San Francisco USA,Agentic Revenue AI,B2B,Hybrid,1105,1360,USD,Glassdoor,PM/SPM,Active,High,Series C,163000000,95000000,2022,"Salesforce,Tiger Global",No,~$50M ARR,4.0,No,9,7,7,7.5,6,8,59.5
88,Outreach,outreach.io,Seattle USA,Sales AI Enterprise,B2B,Hybrid,1190,1487,USD,Levels.fyi,PM/SPM,Active,High,Series G,666000000,200000000,2021,"Lone Pine,Tiger Global",No,~$300M ARR,3.6,No,8,7,7.5,7.5,6,7,58.5
89,MoEngage,moengage.com,San Francisco USA,Customer Engagement,Both,Hybrid Bangalore (India PMs),22,35,INR,AmbitionBox,PM/SPM,Active,High,Series E,77000000,77000000,2021,"Goldman Sachs,B Capital",No,~$50M ARR,3.8,No,7,7,5,7,6,7.5,53.5
90,CleverTap,clevertap.com,Mumbai India,Mobile Marketing AI,Both,Hybrid Mumbai,22,35,INR,AmbitionBox,PM/SPM,Active,High,Series D,105000000,75000000,2022,"TIDE,Sequoia",No,~$75M ARR,3.8,No,7,7,5,7.5,5,7.5,53.3
91,Insider,useinsider.com,Istanbul Turkey,Marketing AI,B2B,Hybrid Global,595,850,USD,Glassdoor estimate,PM/SPM,Active,High,Series D,274000000,121000000,2022,"QIA,Harbert",No,~$100M ARR,3.8,No,7,7,6,7.5,6,7.5,53.8
92,WebEngage,webengage.com,Mumbai India,Marketing Automation,B2B,Hybrid Mumbai,18,28,INR,AmbitionBox,PM/SPM,Active,Medium,Series C,20000000,20000000,2019,"Sequoia India",No,~$20M ARR,3.7,No,6,6,4,6,5,7.5,49.3
93,Airtable,airtable.com,San Francisco USA,No-code Database,Both,Hybrid,1275,1572,USD,Levels.fyi,PM/SPM,Active,High,Series F,1360000000,270000000,2021,"Benchmark,Thrive Capital",No,~$200M ARR,3.8,No,7,8,8,7.5,6,7.5,60.3
94,Craft.io,craft.io,New York USA,Product Management Tool,B2B,Remote,1020,1317,USD,Glassdoor,PM/SPM,Active,Medium,Series A,13000000,13000000,2022,N/A,No,~$5M ARR,4.0,No,6,7,7,6,10,8,57.5
95,Productboard,productboard.com,San Francisco USA,Product Management SaaS,B2B,Hybrid/Remote,1020,1317,USD,Glassdoor,PM/SPM,Active,High,Series C,112000000,72000000,2022,"Dragoneer,Tiger Global",No,~$30M ARR,4.1,No,6,7,7,7,8,8.5,57.3
96,Karat,karat.com,Seattle USA,Technical Interviews AI,B2B,Remote-first,1105,1402,USD,Glassdoor,PM/SPM,Active,High,Series C,110000000,110000000,2022,"Tiger Global,Capital One",No,~$30M ARR,4.3,No,8,7,7,7.5,10,8.5,57.3
97,Warmly,warmly.ai,San Francisco USA,AI Signal-Based Sales,B2B,Remote-friendly,1020,1275,USD,Glassdoor estimate,PM/SPM,Active,High,Series A,21000000,21000000,2023,"Base10,Felicis",No,~$10M ARR,4.1,No,8,7,6.5,7,8,8,58.3
98,Amplemarket,amplemarket.com,Lisbon Portugal,AI Sales Platform,B2B,Remote,595,850,USD,Glassdoor estimate,PM/SPM,Active,Medium,Series B,12000000,12000000,2022,N/A,No,~$10M ARR,4.0,No,8,7,6,7,10,8,57.5
99,GreenPark Sports,greenparksports.com,Los Angeles USA,Esports / Gaming,B2C,Hybrid,935,1190,USD,Glassdoor estimate,PM/SPM,Active,Medium,Series B,35000000,35000000,2021,"General Catalyst,Silver Lake",No,~$10M Revenue,3.8,No,8,9,6,6,6,7.5,57.5
100,Krea AI (contract PM),krea.ai,Remote,AI Image Generation,B2C,Remote,85,128,EUR,Glassdoor estimate,PM (contract track),Active,High,Seed,5000000,5000000,2024,YC,No,~$5M ARR,4.2,No,9,10,7,7.5,10,8.5,57.3
101,Tome.app,tome.app,San Francisco USA,AI Presentation/Storytelling,Both,Hybrid SF,1105,1402,USD,Series C,228000000,213000000,Aug-2025,No,4.0,No,8,7,8,6,8,8,58.5
102,Gamma,gamma.app,San Francisco USA,AI Visual Storytelling,Both,Hybrid SF,1105,1402,USD,Series B,68000000,68000000,Nov-2025,No,4.1,No,8,7,7.5,6,8,8.5,57.5
103,Coda,coda.io,San Francisco USA,AI Collaborative Workspace,Both,Hybrid SF,1190,1487,USD,Series D,400000000,100000000,Oct-2025,No,4.2,No,7,7.5,7.5,6,7,8.5,57.0
104,Pitch,pitch.com,Berlin Germany,Collaborative Presentations,Both,Hybrid Berlin,680,935,USD,Series B,85000000,85000000,May-2021,No,4.3,No,7,6,7,6,7,8.5,56.5
105,Beautiful.ai,beautiful.ai,San Francisco USA,AI Presentation Design,Both,Hybrid SF,850,1105,USD,Series B,16000000,16000000,May-2018,No,4.0,No,7,6,5,6,7,8,52.0
106,Whimsical,whimsical.com,Distributed,AI Flowcharts & Wireframes,Both,Remote-first,1402,1700,USD,Series A,30000000,30000000,Nov-2021,No,4.5,No,7,8,6.5,10,7,9,59.5
107,Mixpanel,mixpanel.com,San Francisco USA,Product Analytics,B2B,Hybrid SF,1105,1402,USD,Series C,77000000,65000000,Nov-2021,No,4.0,No,6,7,7,6,6,8,55.5
108,Pendo,pendo.io,Raleigh USA,Product Analytics & Guidance,B2B,Hybrid,1105,1402,USD,Series F,356000000,100000000,Jul-2021,No,4.1,No,6,7,7.5,6,6,8,55.8
109,Heap,heap.io,San Francisco USA,Digital Analytics,B2B,Hybrid SF,1020,1317,USD,Series D,195000000,55000000,Dec-2021,No,3.9,No,6,7,7,6,6,7.5,55.3
110,Contentsquare,contentsquare.com,Paris France,Digital Experience Analytics,B2B,Hybrid Paris,680,935,USD,Series F,1400000000,600000000,Jul-2022,No,3.8,No,6,6,8,6,6,7.5,55.0
111,UserTesting,usertesting.com,San Francisco USA,User Research Platform,B2B,Hybrid,935,1190,USD,PE-owned,1300000000,Acquired,Oct-2022,No,3.8,No,6,6.5,7,6,6,7.5,54.8
112,Hotjar,hotjar.com,Distributed,Behavior Analytics,B2B,Remote-first,935,1190,USD,Acquired,Acquired,Acquired,2021,No,4.3,No,6,6.5,7.5,10,6,8.5,56.5
113,Smartly.io,smartly.io,Helsinki Finland,AI Marketing Automation,B2B,Hybrid Helsinki,680,850,USD,Series B,140000000,140000000,2021,No,3.8,No,7,5.5,7,6,6,7.5,52.3
114,Mutiny,mutiny.com,San Francisco USA,B2B Website Personalization,B2B,Hybrid SF,1190,1487,USD,Series B,67000000,50000000,2022,No,4.0,No,8,7.5,7.5,6,7,8,57.6
115,Salesloft,salesloft.com,Atlanta USA,Sales Engagement AI,B2B,Hybrid Atlanta,1105,1402,USD,Series D,245000000,100000000,2021,No,3.7,No,8,7,7.5,6,7,7.5,57.3
116,Lottiefiles,lottiefiles.com,Kuala Lumpur Malaysia,Design Animation Platform,Both,Remote,680,1020,USD,Series B,37000000,37000000,2022,No,4.2,No,7,6,7,10,8,8.5,56.6
117,Spline,spline.design,Distributed,3D Design Tool,Both,Remote-first,850,1190,USD,Series A,8000000,8000000,2023,No,4.4,No,7,6,6.5,10,9,8.5,55.9
118,Rive,rive.app,San Francisco USA,Interactive Motion Design,Both,Remote,850,1190,USD,Series A,11000000,11000000,2022,No,4.3,No,7,6,6.5,10,8,8.5,55.7
119,Jitter,jitter.video,Paris France,Motion Design Tool,Both,Remote,595,850,USD,Seed,2000000,2000000,2022,No,4.2,No,7,5,5.5,10,8,8,53.7
120,Penpot,penpot.app,Zaragoza Spain,Open-source Design Tool,Both,Remote-first,595,850,USD,Open Source,8000000,8000000,2023,No,4.3,No,7,5,6,10,8,8.5,53.9
121,Zeplin,zeplin.io,San Francisco USA,Design Handoff Tool,Both,Hybrid SF,850,1105,USD,Series A,14000000,14000000,2019,No,4.0,No,7,6,6,6,8,8,52.4
122,Supernova,supernova.io,Prague Czech Republic,Design System Tool,Both,Remote,680,935,USD,Series A,7000000,7000000,2022,No,4.1,No,7,5.5,6,10,9,8,53.8
123,InVision,invisionapp.com,New York USA,Digital Product Design,Both,Remote,850,1105,USD,Series F,350000000,115000000,2018,No,3.5,No,7,6,5.5,10,7,7,51.5
124,Marvel,marvelapp.com,London UK,Prototyping Tool,Both,Remote,595,850,USD,Bootstrapped,0,0,N/A,No,4.0,No,7,5,6,10,7,8,52.5
125,ProtoPie,protopie.io,Seoul South Korea,Advanced Prototyping,Both,Hybrid Seoul,595,850,USD,Series A,5000000,5000000,2022,No,4.1,No,7,5,6.5,8,8,8,52.4
126,Axure,axure.com,San Diego USA,UX Prototyping Tool,Both,Hybrid,850,1105,USD,Bootstrapped,0,0,N/A,Yes,3.8,No,6,6,7,6,7,7.5,51.8
127,Abstract,abstract.com,San Francisco USA,Design Version Control,Both,Remote,850,1020,USD,Series B,78000000,30000000,2020,No,3.8,No,7,6,6,10,8,7.5,52.6
128,Phase,phase.com,Distributed,Collaborative UI Design,Both,Remote,680,935,USD,Seed,3000000,3000000,2023,No,4.2,No,7,5,5,10,8,8,51.5
129,Avocode,avocode.com,Prague Czech Republic,Design Handoff,Both,Hybrid,595,850,USD,Acquired,N/A,Acquired,2021,No,3.5,No,6,5,5.5,6,7,7,48.5
130,Monday.com,monday.com,Tel Aviv Israel,Work OS Platform,Both,Hybrid,1105,1402,USD,Public,0,Profitable,N/A,No,4.0,No,6,7,8.5,6,6,8,58.5
131,ClickUp,clickup.com,San Diego USA,Project Management + AI,Both,Remote-first,1105,1402,USD,Series C,537000000,400000000,2021,No,4.1,No,7,7,7.5,10,6,8,58.0
132,Asana,asana.com,San Francisco USA,Work Management,Both,Hybrid SF,1190,1487,USD,Public,0,Not profitable,N/A,No,3.9,No,6,7.5,7,6,6,7.5,57.3
133,Height,height.app,San Francisco USA,Collaborative PM Tool,Both,Remote,935,1190,USD,Seed,3000000,3000000,2021,No,4.2,No,6,6.5,5,10,6,8.5,52.9
134,Shortcut,shortcut.com,New York USA,Dev PM Tool,Both,Remote,850,1105,USD,Series B,33000000,15000000,2021,No,4.1,No,6,6,6.5,10,6,8,52.8
135,Plane,plane.so,Distributed,Open-source PM Tool,Both,Remote,595,850,USD,Series A,6000000,6000000,2023,No,4.1,No,6,5,5.5,10,6,8,50.5
136,Aha!,aha.io,Distributed,Product Roadmapping,B2B,Remote-first,1020,1275,USD,Bootstrapped,0,Profitable,N/A,No,4.4,No,6,7,8,10,6,8.5,58.5
137,Roadmunk,roadmunk.com,Toronto Canada,Roadmapping Tool,B2B,Hybrid,680,935,USD,Acquired,N/A,Acquired,2021,No,3.9,No,6,5.5,6.5,6,6,7.5,50.3
138,Atlassian (Jira PM),atlassian.com,Sydney Australia,Dev & PM Tools,B2B,Hybrid,1190,1700,USD,Public,0,Profitable,N/A,Yes,3.9,Yes,6,7.5,9.5,6,6,7.5,62.4
139,Leapsome,leapsome.com,Berlin Germany,HR Performance & Learning,B2B,Hybrid Berlin,680,935,USD,Series A,60000000,60000000,2022,No,4.3,No,6,5.5,7,6,6,8.5,52.8
140,Lattice,lattice.com,San Francisco USA,HR People Management,B2B,Remote-friendly,1020,1317,USD,Series F,329000000,175000000,2022,No,4.3,No,6,7,7.5,8,6,8.5,55.3
141,15Five,15five.com,San Francisco USA,Manager Effectiveness,B2B,Remote,850,1105,USD,Series C,73000000,52000000,2021,No,4.2,No,6,6,7,10,6,8.5,54.5
142,Culture Amp,cultureamp.com,Melbourne Australia,Employee Engagement,B2B,Remote-friendly,850,1105,USD,Series F,258000000,100000000,2022,No,4.5,No,6,6,7.5,8,6,9,54.3
143,Workboard,workboard.com,Redwood City USA,OKR & Strategy Execution,B2B,Hybrid,850,1105,USD,Series D,93000000,30000000,2021,No,3.8,No,6,6,7,6,6,7.5,52.1
144,Betterworks,betterworks.com,Redwood City USA,Continuous Performance Mgmt,B2B,Hybrid,850,1105,USD,Series C,65000000,25000000,2021,No,4.0,No,6,6,7,6,6,8,52.5
145,Netcore Cloud,netcorecloud.com,Mumbai India,Marketing Automation,B2B,Hybrid Mumbai,17,28,INR,Series C,103000000,103000000,2019,No,3.8,No,6,4,7,5,6,7.5,47.8
146,Appointy,appointy.com,Bhopal India,Scheduling Software,Both,Hybrid Bhopal,10,18,INR,Bootstrapped,0,0,Profitable,No,4.0,No,5,2,7,7,5,8,40.9
147,Grammarly,grammarly.com,San Francisco USA,AI Writing Assistant,Both,Hybrid SF,1190,1487,USD,Private,200000000,200000000,2021,No,4.1,Yes,7,7.5,9.5,6,7,8,62.5
148,Jasper AI,jasper.ai,Austin USA,AI Content Generation,B2B,Remote-first,1105,1402,USD,Series A,131000000,125000000,2022,No,4.0,No,8,7,7.5,10,7,8,60.5
149,Copy.ai,copy.ai,Memphis USA,AI Copywriting,Both,Remote,850,1105,USD,Series A,13900000,13900000,2022,No,4.0,No,8,6,6.5,10,7,8,56.3
150,Writesonic,writesonic.com,San Francisco USA,AI Writing Platform,Both,Remote,850,1105,USD,Series A,2600000,2600000,2021,No,4.0,No,8,6,5.5,10,7,8,55.1
151,Stability AI,stability.ai,London UK,Generative AI / Image,Both,Remote,850,1190,USD,Series A,101000000,101000000,2022,No,3.5,No,9,6,5.5,10,9,7,56.9
152,Leonardo.ai,leonardo.ai,Sydney Australia,AI Image Generation,B2C,Remote-friendly,850,1190,USD,Series A,47000000,47000000,2023,No,4.1,No,9,6,7,8,9,8.5,58.5
153,Adobe (Firefly PM),adobe.com,San Jose USA,AI Creative Suite,Both,Hybrid,1445,1785,USD,Public,0,Profitable,N/A,Yes,4.0,Yes,9,8.5,10,6,9,8,66.4
154,Canva India,canva.com,Remote India,AI Design,Both,Remote,45,65,INR,Late Stage,560000000,Profitable,N/A,Yes,4.3,Yes,9,8,9,10,10,8.5,71.6
155,Codeium,codeium.com,Mountain View USA,AI Code Completion,Both,Hybrid,1190,1487,USD,Series C,243000000,150000000,2024,No,4.0,No,9,7.5,8,6,8,8,62.0
156,Cursor,cursor.sh,San Francisco USA,AI Code Editor,Both,Hybrid SF,1275,1572,USD,Series B,105000000,60000000,2024,No,4.2,No,9,8,8,6,8,8.5,63.2
157,Tabnine,tabnine.com,Tel Aviv Israel,AI Code Completion,Both,Hybrid,850,1105,USD,Series C,55000000,25000000,2022,No,4.0,No,9,6,7.5,6,8,8,57.2
158,GitHub Copilot PM,github.com,Remote/Global,AI Developer Tools,Both,Hybrid,1445,1785,USD,Public,0,Profitable,N/A,Yes,4.0,Yes,9,8.5,10,6,8,8,65.2
159,Replit,replit.com,San Francisco USA,AI Collaborative Coding,Both,Hybrid SF,980,1190,USD,Series B,97400000,65000000,2023,No,4.0,No,9,6.5,7.5,6,8,8,58.9
160,Glean,glean.com,Palo Alto USA,Enterprise AI Search,B2B,Hybrid,1275,1572,USD,Series D,600000000,200000000,2024,No,3.8,No,9,8,8.5,6,7,7.5,63.3
161,Fireflies.ai,fireflies.ai,San Francisco USA,AI Meeting Intelligence,Both,Remote,850,1105,USD,Series A,19000000,19000000,2022,No,4.1,No,8,6,7,10,7,8.5,56.9
162,Otter.ai,otter.ai,Mountain View USA,AI Meeting Transcription,Both,Hybrid,850,1105,USD,Series B,50000000,50000000,2021,No,4.0,No,8,6,7.5,6,7,8,56.3
163,Mem,mem.ai,San Francisco USA,AI Knowledge Management,Both,Hybrid,850,1105,USD,Series A,23500000,23500000,2022,No,4.2,No,8,6,7,6,7,8.5,55.9
164,Lark (ByteDance),larksuite.com,Singapore,Productivity Suite,Both,Hybrid Singapore,850,1190,USD,Corporate,0,Profitable,N/A,No,4.0,No,7,6.5,8.5,6,7,8,57.3
165,Slack (Salesforce),slack.com,San Francisco USA,Team Communication,Both,Hybrid SF,1360,1700,USD,Acquired,27700000000,Acquired,Jun-2021,Yes,4.1,Yes,7,8,9.5,6,7,8,62.1
166,Notion Calendar,cron.com,San Francisco USA,AI Calendar,Both,Hybrid,1105,1402,USD,Acquired,Acquired,Acquired,2022,No,4.2,No,7,7,8,6,7,8.5,58.2
167,Descript,descript.com,San Francisco USA,AI Audio/Video Editing,Both,Remote-friendly,1445,2000,USD,Series C,104000000,50000000,2022,No,4.2,No,9,9,7,8,9,8.5,66.3
168,HeyGen,heygen.com,Los Angeles USA,AI Video Generation,Both,Remote,1360,1700,USD,Series A,65600000,60000000,Jun-2024,No,4.2,No,9,8,8.5,9,9,8.5,68.5
169,Rytr,rytr.me,Distributed,AI Writing Assistant,Both,Remote,595,850,USD,Bootstrapped,0,Profitable,N/A,No,4.0,No,7,5,7,10,7,8,54.3
170,Miro,miro.com,San Francisco USA,Collaborative Whiteboard,Both,Hybrid,1190,1487,USD,Series D,476000000,400000000,Oct-2025,No,4.2,No,7,7.5,8.5,6,8,8.5,66.3
171,Whimsical standalone,whimsical.com,Distributed,AI Flowcharts,Both,Remote-first,1402,1700,USD,Series A,30000000,30000000,Nov-2021,No,4.5,No,7,8,6.5,10,8,9,61.5
172,Pitch standalone,pitch.com,Berlin Germany,Presentation Collaboration,Both,Hybrid Berlin,680,935,USD,Series B,85000000,85000000,2021,No,4.3,No,7,6,7,6,7,8.5,56.5
173,Atlassian Confluence PM,atlassian.com,Sydney Australia,Knowledge Management,Both,Hybrid,1190,1700,USD,Public,0,Profitable,N/A,Yes,3.9,Yes,6,7.5,9.5,6,6,7.5,62.4
174,Coda standalone,coda.io,San Francisco USA,Connected Workspace,Both,Hybrid,1190,1487,USD,Series D,400000000,100000000,2025,No,4.2,No,7,7.5,7.5,6,7,8.5,57.5
175,Amplitude (Growth PM),amplitude.com,San Francisco USA,Product Analytics,B2B,Hybrid,1190,1487,USD,Public,150000000,150000000,Oct-2025,No,4.0,No,6,7,8,6,7,8,57.4
176,Brex,brex.com,San Francisco USA,Corporate Finance/Fintech,B2B,Remote-first,1275,1572,USD,Series D,1500000000,300000000,2021,No,4.0,No,7,8,8.5,10,6,8,60.5
177,Rippling,rippling.com,San Francisco USA,HR & IT Management,B2B,Hybrid SF,1275,1572,USD,Series G,1200000000,500000000,2024,No,3.8,No,6,8,8.5,6,6,7.5,58.3
178,Deel,deel.com,San Francisco USA,Global HR & Payroll,B2B,Remote-first,1105,1402,USD,Series D,679000000,425000000,2022,Yes,4.1,No,6,7,8.5,10,6,8.5,58.0
179,Remote.com,remote.com,Distributed,Global Employment Platform,B2B,Remote-first,1020,1317,USD,Series C,496000000,300000000,2022,No,4.3,No,6,7,8,10,6,8.5,57.3
180,Personio,personio.com,Munich Germany,HR Software,B2B,Hybrid Munich,680,935,USD,Series E,724000000,270000000,2022,No,4.1,No,6,5.5,8,6,6,8,53.3
181,HiBob,hibob.com,Tel Aviv Israel,HR Platform,B2B,Hybrid,850,1105,USD,Series D,274000000,150000000,2022,No,4.0,No,6,6,7.5,6,6,8,52.8
182,Workato,workato.com,Mountain View USA,Enterprise Automation,B2B,Hybrid,1020,1317,USD,Series E,405000000,200000000,2021,No,3.8,No,7,7,8,6,6,7.5,55.8
183,Zapier,zapier.com,Distributed USA,Workflow Automation,Both,Remote-first,1105,1402,USD,Series A,1400000,1400000,2012,Yes,4.4,No,7,7,9,10,7,8.5,61.5
184,Make (Integromat),make.com,Prague Czech Republic,Workflow Automation,Both,Hybrid,680,935,USD,Series B,15000000,15000000,2021,No,4.0,No,7,5.5,7,6,7,8,53.2
185,n8n,n8n.io,Berlin Germany,Open-source Workflow Automation,Both,Remote-first,680,935,USD,Series B,57800000,35000000,2023,No,4.3,No,7,5.5,7,10,7,8.5,54.9
186,Segment (Twilio),segment.com,San Francisco USA,Customer Data Platform,B2B,Hybrid,1190,1487,USD,Acquired,3200000000,Acquired,2020,No,3.9,No,7,7.5,8.5,6,7,7.5,58.0
187,mParticle,mparticle.com,New York USA,Customer Data Platform,B2B,Hybrid,1020,1317,USD,Series E,272000000,150000000,2021,No,3.8,No,7,7,8,6,7,7.5,56.5
188,Mixpanel (Growth PM),mixpanel.com,San Francisco USA,Product Analytics,B2B,Hybrid,1105,1402,USD,Series C,77000000,65000000,2021,No,4.0,No,6,7,7,6,6,8,55.0
189,PostHog,posthog.com,Distributed,Open-source Product Analytics,Both,Remote-first,935,1190,USD,Series B,27000000,25000000,2022,No,4.4,No,7,6.5,7.5,10,7,8.5,56.8
190,LogRocket,logrocket.com,Boston USA,Frontend Monitoring & UX,B2B,Hybrid,935,1190,USD,Series B,55000000,25000000,2021,No,4.0,No,7,6.5,7.5,6,7,8,54.5
191,Datadog,datadog.com,New York USA,Cloud Monitoring,B2B,Hybrid,1360,1700,USD,Public,0,Profitable,N/A,Yes,3.8,No,7,8.5,9.5,6,6,7.5,62.5
192,New Relic,newrelic.com,San Francisco USA,Observability Platform,B2B,Hybrid,1105,1402,USD,PE-owned,0,N/A,2023,No,3.7,No,7,7,7,6,6,7.5,55.0
193,Sentry,sentry.io,San Francisco USA,Error Tracking / Dev Tool,B2B,Hybrid SF,1105,1402,USD,Series F,217000000,90000000,2022,No,4.2,No,7,7,8,6,6,8.5,55.8
194,Linear (Product PM),linear.app,San Francisco USA,Dev PM Tool,Both,Remote,1190,1487,USD,Series B,52000000,35000000,2022,No,4.5,No,7,7.5,7.5,10,7,9,57.8
195,Vercel,vercel.com,San Francisco USA,Frontend Cloud,Both,Hybrid SF,1190,1487,USD,Series D,313000000,150000000,2024,No,4.1,No,8,7.5,8,6,7,8.5,58.8
196,Netlify,netlify.com,San Francisco USA,Web Development Platform,Both,Remote-first,1020,1317,USD,Series D,107000000,105000000,2021,No,4.2,No,7,7,7.5,10,7,8.5,57.0
197,Supabase,supabase.com,San Francisco USA,Open-source Backend (Firebase alt),Both,Remote-first,935,1190,USD,Series C,196000000,80000000,2023,No,4.3,No,7,6.5,7.5,10,7,8.5,56.6
198,PlanetScale,planetscale.com,San Francisco USA,Database Platform,Both,Remote,935,1190,USD,Series C,105000000,40000000,2022,No,4.0,No,7,6.5,7.5,10,7,8,56.1
199,Hashicorp (IBM),hashicorp.com,San Francisco USA,Cloud Infrastructure,B2B,Remote-first,1105,1402,USD,Acquired,500000000,Acquired,2024,No,3.8,Yes,7,7,9,10,6,7.5,57.5
200,Retool,retool.com,San Francisco USA,Low-code Internal Tools,Both,Hybrid SF,1190,1487,USD,Series C,445000000,45000000,2022,No,4.0,No,7,7.5,8,6,7,8,57.0
201,Jasper AI (Growth PM),jasper.ai,Austin USA,AI Content Enterprise,B2B,Remote,1105,1402,USD,Series A,131000000,125000000,2022,No,4.0,No,8,7,7.5,10,7,8,59.5
202,Copy.ai (PLG PM),copy.ai,Memphis USA,AI Copywriting B2C,Both,Remote,850,1105,USD,Series A,13900000,13900000,2022,No,4.0,No,8,6,6.5,10,7,8,55.3
203,Anyword,anyword.com,Tel Aviv Israel,AI Copy Optimization,Both,Remote,680,935,USD,Series B,30000000,21000000,2022,No,4.0,No,8,5.5,7,10,7,8,54.3
204,Lately.ai,lately.ai,Distributed,AI Social Media,Both,Remote,595,850,USD,Series A,5000000,5000000,2022,No,4.0,No,7,5,6.5,10,7,8,52.0
205,Persado,persado.com,New York USA,AI Language Optimization,B2B,Hybrid NY,935,1190,USD,Series D,220000000,50000000,2020,No,3.8,No,7,6.5,7,6,7,7.5,53.5
206,Writer.com,writer.com,San Francisco USA,Enterprise AI Writing,B2B,Hybrid,1190,1487,USD,Series C,200000000,200000000,2024,No,4.0,No,8,7.5,8,6,7,8,58.9
207,Cohere,cohere.com,Toronto Canada,Enterprise AI Platform,B2B,Remote-friendly,1105,1402,USD,Series D,445000000,270000000,2024,No,4.0,No,9,7,8.5,8,7,8,59.5
208,AI21 Labs,ai21.com,Tel Aviv Israel,Foundation Models,B2B,Hybrid,935,1190,USD,Series C,336000000,208000000,2023,No,3.8,No,9,6.5,8,6,7,7.5,57.5
209,Mistral AI,mistral.ai,Paris France,Foundation Models / LLM,Both,Hybrid Paris,850,1190,USD,Series C,1000000000,640000000,2024,No,4.0,No,9,6.5,8.5,6,8,8,58.8
210,Together AI,together.ai,San Francisco USA,AI Inference Platform,B2B,Hybrid SF,1190,1487,USD,Series B,229000000,106000000,2024,No,4.0,No,9,7.5,8.5,6,7.5,8,60.2
211,Hugging Face,huggingface.co,New York USA,AI Model Hub,Both,Remote-friendly,1105,1402,USD,Series D,395000000,235000000,2023,No,4.3,No,9,7,8.5,8,8,8.5,61.0
212,Scale AI,scale.com,San Francisco USA,AI Data Labeling,B2B,Hybrid,1275,1572,USD,Acquired,$15B,Acquired,2025,No,3.8,No,9,8,9,6,7,7.5,61.5
213,Labelbox,labelbox.com,San Francisco USA,AI Training Data,B2B,Hybrid,1020,1317,USD,Series D,188000000,40000000,2022,No,3.8,No,9,7,8,6,7,7.5,57.5
214,Weights & Biases,wandb.ai,San Francisco USA,MLOps Platform,B2B,Remote-friendly,1105,1402,USD,Series C,200000000,135000000,2023,No,4.2,No,9,7,8,8,7,8.5,59.5
215,Replicate,replicate.com,San Francisco USA,AI Model Deployment,Both,Remote,1020,1317,USD,Series B,60000000,40000000,2023,No,4.2,No,9,7,7.5,10,8,8.5,59.5
216,Modal Labs,modal.com,New York USA,Cloud AI Functions,Both,Hybrid,1105,1402,USD,Series B,55000000,35000000,2024,No,4.0,No,9,7,7.5,6,7,8,57.5
217,Groq,groq.com,Mountain View USA,AI Inference (LPU),B2B,Hybrid,1190,1487,USD,Series C,1050000000,640000000,2024,No,3.8,No,9,7.5,9,6,7,7.5,59.5
218,Perplexity API PM,perplexity.ai,San Francisco USA,AI Search API,B2B,Remote-ok,1530,1870,USD,Series D,500000000,73600000,2025,No,4.3,No,10,9,9,8,8,8.5,66.5
219,Glean (Enterprise PM),glean.com,Palo Alto USA,Enterprise AI Search,B2B,Hybrid,1275,1572,USD,Series D,600000000,200000000,2024,No,3.8,No,9,8,8.5,6,7,7.5,63.3
220,Moveworks,moveworks.com,Mountain View USA,Enterprise AI Copilot,B2B,Hybrid,1190,1487,USD,Series C,315000000,200000000,2021,No,3.8,No,9,7.5,8,6,7,7.5,59.3
221,Sierra.ai,sierra.ai,San Francisco USA,Conversational AI for Enterprises,B2B,Hybrid SF,1275,1572,USD,Series B,430000000,175000000,2025,No,4.0,No,9,8,8.5,6,7,8,60.5
222,Zendesk AI PM,zendesk.com,San Francisco USA,Customer Service AI,Both,Hybrid,1190,1487,USD,PE-owned,0,N/A,2023,No,3.8,Yes,8,7.5,8,6,7,7.5,59.5
223,Freshworks,freshworks.com,San Mateo USA,CRM & Customer Service,Both,Hybrid,1020,1317,USD,Public,0,Near profitable,N/A,No,3.8,No,7,7,8,6,7,7.5,56.5
224,Zoho,zoho.com,Chennai India,Business Software Suite,Both,Hybrid Chennai,22,35,INR,Bootstrapped,0,Profitable,N/A,No,3.8,No,6,5,9,5,6,7.5,52.3
225,Postman,postman.com,San Francisco USA,API Development Platform,Both,Hybrid SF,1190,1487,USD,Series D,433000000,225000000,2022,No,4.0,No,7,7.5,8.5,6,7,8,57.8
226,Figma Dev Mode PM,figma.com,Remote,Design-to-Dev Tools,Both,Remote,1360,1700,USD,Pre-IPO,0,Profitable,N/A,Yes,4.5,Yes,9,8.5,9,10,10,9,73.5
227,Zomato,zomato.com,Gurugram India,Food Delivery B2C,B2C,Hybrid Gurugram,30,45,INR,Public,0,Profitable,N/A,No,3.8,No,7,5.5,8.5,5,8,7.5,58.7
228,Swiggy (senior PM),swiggy.com,Bangalore India,B2C Food & Quick Commerce,B2C,Hybrid Bangalore,40,60,INR,Public,0,Not profitable,N/A,No,3.7,No,7,7,7.5,6,9,7.5,64.0
229,Nykaa,nykaa.com,Mumbai India,D2C Beauty & Fashion,B2C,Hybrid Mumbai,22,35,INR,Public,0,Near profitable,N/A,No,3.7,No,7,5,8,5,9,7.5,56.0
230,Myntra (Flipkart),myntra.com,Bangalore India,Fashion E-commerce B2C,B2C,Hybrid Bangalore,30,45,INR,Subsidiary,0,Profitable,N/A,No,3.8,No,7,5.5,8.5,6,9,7.5,58.3
231,Flipkart,flipkart.com,Bangalore India,E-commerce B2C,B2C,Hybrid Bangalore,35,50,INR,Pre-IPO,0,N/A,N/A,No,3.8,No,7,6.5,8.5,6,9,7.5,59.8
232,Amazon India PM,amazon.in,Bangalore India,E-commerce B2C,Both,Hybrid Bangalore,40,65,INR,Public,0,Profitable,N/A,Yes,3.8,Yes,7,7,10,6,7,7.5,61.8
233,PayTM,paytm.com,Noida India,Digital Payments/Fintech,Both,Hybrid Noida,22,35,INR,Public,0,Not profitable,N/A,No,3.5,No,7,5,7,5,7,7,51.0
234,Ola Cabs,olacabs.com,Bangalore India,Ride-hailing B2C,B2C,Hybrid Bangalore,25,40,INR,Series J,3800000000,300000000,2023,No,3.3,No,7,5,6.5,6,8,6.5,52.8
235,Urban Company,urbancompany.com,Gurugram India,Home Services B2C,B2C,Hybrid Gurugram,25,40,INR,Series F,287000000,255000000,2022,No,3.8,No,7,5,7.5,5,9,7.5,54.0
236,Spinny,spinny.com,Gurugram India,Used Cars B2C,B2C,Hybrid Gurugram,20,35,INR,Series E,315000000,65000000,2022,No,3.7,No,6,4.5,7,5,8,7.5,51.5
237,Vedantu,vedantu.com,Bangalore India,EdTech B2C,B2C,Hybrid Bangalore,15,25,INR,Series E,315000000,100000000,2021,No,3.5,No,7,3.5,6.5,6,8,7,48.5
238,Physics Wallah,pw.live,Noida India,EdTech B2C,B2C,Hybrid Noida,18,30,INR,Series B,100000000,100000000,2022,No,3.7,No,7,4.5,7.5,5,8,7.5,52.5
239,Unacademy,unacademy.com,Bangalore India,EdTech B2C,B2C,Hybrid Bangalore,20,35,INR,Series H,440000000,150000000,2021,No,3.5,No,7,4.5,7,6,8,7,51.5
240,Byju's,byjus.com,Bangalore India,EdTech B2C,B2C,Hybrid Bangalore,15,28,INR,Series F,5700000000,250000000,2022,No,2.5,No,7,3.5,5,6,8,5,45.0
241,Coursera,coursera.org,Mountain View USA,Online Learning B2C,B2C,Hybrid,1020,1275,USD,Public,0,Near profitable,N/A,Yes,3.9,No,7,7,7.5,6,8,7.5,57.8
242,Udemy,udemy.com,San Francisco USA,Online Learning B2C,B2C,Hybrid SF,1020,1275,USD,Public,0,Profitable,N/A,Yes,3.9,No,7,7,8,6,8,7.5,58.3
243,MasterClass,masterclass.com,San Francisco USA,Premium Online Learning,B2C,Hybrid,1020,1275,USD,Series G,461000000,225000000,2021,No,4.1,No,7,7,7.5,6,8,8.5,57.5
244,Brilliant.org,brilliant.org,San Francisco USA,Interactive STEM Learning,B2C,Remote,850,1105,USD,Series B,33000000,12000000,2018,No,4.3,No,7,6,7,10,8,8.5,57.0
245,Photoroom,photoroom.com,Paris France,AI Photo Editing B2C,B2C,Remote-friendly,850,1190,USD,Series B,58000000,43000000,2023,No,4.2,No,9,6.5,7.5,8,9,8.5,60.5
246,Lensa AI (Prisma Labs),prisma-ai.com,Distributed,AI Photo/Video Editing,B2C,Remote,595,850,USD,Seed,1000000,1000000,2021,No,3.8,No,9,5,5,10,9,7.5,53.5
247,Remove.bg (Canva),remove.bg,Distributed,AI Background Removal,B2C,Remote,850,1105,USD,Acquired,Acquired,Acquired,2021,No,4.0,No,9,6,9,10,9,8,64.5
248,Topaz Labs,topazlabs.com,Dallas USA,AI Photo Enhancement,B2C,Remote,850,1105,USD,Bootstrapped,0,Profitable,N/A,No,4.2,No,9,6,8,10,9,8.5,62.5
249,Lightricks,lightricks.com,Jerusalem Israel,AI Creative Apps B2C,B2C,Hybrid Jerusalem,850,1190,USD,Series E,335000000,130000000,2023,No,4.0,No,9,6.5,8,6,9,8,59.5
250,Artisse,artisse.ai,San Francisco USA,AI Photo Editing B2C,B2C,Hybrid,595,935,USD,Series A,5000000,5000000,2023,No,4.0,No,9,5.5,6,6,9,8,54.5
251,Hippocratic AI,hippocratic.ai,Palo Alto USA,Healthcare AI Agents,B2B,Hybrid,1190,1487,USD,Series C,190000000,141000000,Nov-2025,No,4.0,No,9,7.5,9,6,7,8,60.5
252,Nabla,nabla.com,Paris France,AI for Healthcare Clinicians,B2B,Hybrid Paris,680,935,USD,Series B,30000000,24000000,2023,No,4.1,No,8,5.5,7.5,6,7,8,54.8
253,Abridge,abridge.com,Pittsburgh USA,Clinical AI Documentation,B2B,Hybrid,1020,1317,USD,Series C,212500000,150000000,2025,No,4.0,No,8,7,8.5,6,7,8,57.8
254,Suki,suki.ai,Redwood City USA,AI Voice Assistant for Doctors,B2B,Hybrid,935,1190,USD,Series D,165000000,70000000,2023,No,3.9,No,8,6.5,8,6,7,7.5,56.3
255,Dovetail,dovetail.com,Sydney Australia,User Research Repository,B2B,Remote-first,850,1105,USD,Series A,63000000,63000000,2022,No,4.4,No,7,6,7.5,10,7,8.5,56.8
256,UserLeap (Sprig),sprig.com,San Francisco USA,In-product Research,B2B,Hybrid,1105,1402,USD,Series B,90000000,30000000,2022,No,4.2,No,7,7,7.5,6,7,8.5,57.5
257,Productboard (Czech PM),productboard.com,Prague Czech Republic,Product Management,B2B,Hybrid,680,935,USD,Series C,112000000,72000000,2022,No,4.1,No,6,5.5,7,6,7,8,53.3
258,Gainsight,gainsight.com,San Francisco USA,Customer Success Platform,B2B,Hybrid,1020,1317,USD,Series H,1120000000,200000000,2021,No,3.8,No,6,7,8,6,6,7.5,55.5
259,ChurnZero,churnzero.com,Washington DC USA,Customer Success AI,B2B,Hybrid,850,1105,USD,Series C,120000000,35000000,2022,No,3.8,No,6,6,7.5,6,6,7.5,52.8
260,Totango,totango.com,San Francisco USA,Customer Success,B2B,Hybrid,850,1105,USD,Series D,96000000,60000000,2019,No,3.7,No,6,6,7.5,6,6,7.5,52.5
261,Stripe PM,stripe.com,San Francisco USA,Payments Infrastructure,Both,Hybrid SF,1445,1785,USD,Late Stage,2200000000,694000000,2023,No,4.0,Yes,7,8.5,9.5,6,7,8,63.5
262,Plaid,plaid.com,San Francisco USA,Fintech Data Network,Both,Hybrid SF,1275,1572,USD,Series D,734000000,425000000,2021,No,4.0,No,7,8,8.5,6,7,8,59.8
263,Robinhood,robinhood.com,Menlo Park USA,Consumer Investing App,B2C,Hybrid,1190,1487,USD,Public,0,Profitable,N/A,No,3.7,No,7,7.5,8,6,8,7.5,60.5
264,Coinbase,coinbase.com,Remote USA,Crypto Exchange B2C,Both,Remote-first,1360,1700,USD,Public,0,Profitable,N/A,Yes,3.8,No,7,8.5,8.5,10,7,7.5,62.3
265,Binance,binance.com,Global/UAE,Crypto Exchange,Both,Remote,850,1190,USD,Private,0,Profitable,N/A,No,3.5,No,7,7,8.5,10,7,7,60.5
266,Polygon (MATIC),polygon.technology,India/Global,Blockchain/Web3,Both,Remote,850,1190,USD,Private,450000000,450000000,2022,No,3.8,No,7,6.5,8,10,7,7.5,58.8
267,CoinDCX,coindcx.com,Mumbai India,Crypto Exchange India,Both,Hybrid Mumbai,17,28,INR,Series D,135000000,135000000,2022,No,3.7,No,7,4,7.5,5,7,7.5,50.3
268,Razorpay India (senior),razorpay.com,Bangalore India,Fintech B2C-adjacent,Both,Hybrid Bangalore,45,65,INR,Series F,741500000,375000000,2021,No,3.8,No,7,8,8,6,7,7.5,64.5
269,Cashfree Payments,cashfree.com,Bangalore India,Payments API,B2B,Hybrid Bangalore,20,32,INR,Series B,35000000,35000000,2022,No,3.8,No,7,4.5,7,6,7,7.5,51.5
270,Slice (North),sliceit.in,Bangalore India,Consumer Credit Card,B2C,Hybrid Bangalore,18,30,INR,Series B,220000000,220000000,2022,No,3.7,No,7,4.5,7,6,8,7.5,52.0
271,Fi Money,fi.money,Bangalore India,Consumer Neobank,B2C,Hybrid Bangalore,20,35,INR,Series C,110000000,50000000,2022,No,4.0,No,7,5,7.5,6,8,8,54.3
272,Jupiter,jupiter.money,Mumbai India,Consumer Banking App,B2C,Hybrid Mumbai,18,30,INR,Series C,92000000,45000000,2022,No,4.0,No,7,4.5,7,6,8,8,53.3
273,Open Financial,open.money,Bangalore India,SMB Banking,B2B,Hybrid Bangalore,15,25,INR,Series D,130000000,50000000,2022,No,3.8,No,7,4,7.5,6,7,7.5,51.5
274,KreditBee,kreditbee.in,Bangalore India,Consumer Lending,B2C,Hybrid Bangalore,15,25,INR,Series D,700000000,160000000,2023,No,3.5,No,6,4,7.5,6,7,7,49.5
275,Smallcase,smallcase.com,Bangalore India,Retail Investing Platform,B2C,Hybrid Bangalore,18,30,INR,Series C,40000000,40000000,2021,No,4.0,No,7,4.5,7,6,8,8,52.5
276,Dhan,dhan.co,Mumbai India,Stock Trading Platform,B2C,Hybrid Mumbai,18,28,INR,Series B,50000000,50000000,2022,No,4.0,No,7,4.5,7,6,8,8,52.0
277,Zerodha,zerodha.com,Bangalore India,Discount Broking B2C,B2C,Hybrid Bangalore,20,35,INR,Bootstrapped,0,Profitable,N/A,No,4.2,No,7,5,8.5,6,8,8.5,56.3
278,Nuo (Finfluencer),nuo.in,India,Fintech B2C,B2C,Hybrid,12,20,INR,Seed,1000000,1000000,2023,No,3.5,No,6,2.5,5,6,7,7,43.5
279,Shiprocket,shiprocket.in,New Delhi India,E-commerce Logistics Tech,Both,Hybrid Delhi,18,30,INR,Series E,140000000,33000000,2022,No,3.7,No,7,4.5,7.5,5,7,7.5,51.5
280,Delhivery,delhivery.com,Gurugram India,Logistics Tech,Both,Hybrid Gurugram,20,32,INR,Public,0,Near profitable,N/A,No,3.7,No,7,5,7.5,5,7,7.5,52.3
281,Porter,porter.in,Bangalore India,Intra-city Logistics B2C,B2C,Hybrid Bangalore,18,28,INR,Series E,220000000,140000000,2024,No,3.7,No,7,4.5,7.5,6,8,7.5,52.3
282,OfBusiness,ofbusiness.com,Gurugram India,B2B Commerce Platform,B2B,Hybrid Gurugram,22,38,INR,Series G,700000000,200000000,2022,No,3.6,No,6,5,8,5,6,7,50.3
283,Infra.Market,inframarket.in,Mumbai India,B2B Construction Commerce,B2B,Hybrid Mumbai,20,32,INR,Series F,200000000,125000000,2022,No,3.5,No,6,5,7.5,5,6,7,49.5
284,1mg (Tata),1mg.com,Gurugram India,Online Pharmacy B2C,B2C,Hybrid Gurugram,18,28,INR,Acquired,300000000,Acquired,2021,No,3.8,No,7,4.5,7.5,5,8,7.5,52.3
285,PharmEasy,pharmeasy.in,Mumbai India,Online Pharmacy B2C,B2C,Hybrid Mumbai,15,25,INR,Series G,650000000,200000000,2021,No,3.3,No,7,3.5,6,5,8,6.5,48.0
286,Niramai,niramai.com,Bangalore India,AI Health Diagnostics,B2B,Hybrid Bangalore,12,22,INR,Series B,9000000,9000000,2021,No,3.9,No,8,3,6.5,6,7,7.5,48.0
287,Tricog Health,tricog.com,Bangalore India,AI Cardiac Diagnostics,B2B,Hybrid Bangalore,12,20,INR,Series B,12000000,12000000,2022,No,3.8,No,8,3,6.5,6,7,7.5,47.5
288,SigTuple,sigtuple.com,Bangalore India,AI Medical Diagnostics,B2B,Hybrid Bangalore,12,20,INR,Series B,19000000,8000000,2022,No,3.7,No,8,3,6.5,6,7,7.5,47.3
289,Navi Health (PM),navi.com,Bangalore India,Consumer Health Insurance,B2C,Hybrid Bangalore,18,30,INR,Pre-IPO,193000000,70000000,2021,No,3.7,No,7,4.5,7.5,6,8,7.5,52.5
290,Acko,acko.com,Bangalore India,InsurTech B2C,B2C,Hybrid Bangalore,20,35,INR,Series E,457000000,255000000,2021,No,3.8,No,7,5,7.5,6,8,7.5,54.3
291,PolicyBazaar,policybazaar.com,Gurugram India,Insurance Marketplace,B2C,Hybrid Gurugram,20,35,INR,Public,0,Near profitable,N/A,No,3.8,No,7,5,7.5,5,7,7.5,53.5
292,Onsurity,onsurity.com,Bangalore India,SMB Health Insurance,B2B,Hybrid Bangalore,15,25,INR,Series B,40000000,25000000,2022,No,4.0,No,8,4,7,6,7,8,50.3
293,Park+,parkplus.io,Gurugram India,Parking & Mobility B2C,B2C,Hybrid Gurugram,15,25,INR,Series C,50000000,25000000,2022,No,3.8,No,6,4,7,6,7,7.5,49.0
294,Ather Energy,atherenergy.com,Bangalore India,EV / Consumer Hardware,B2C,Hybrid Bangalore,18,30,INR,Pre-IPO,310000000,128000000,2023,No,3.8,No,7,4.5,7.5,6,8,7.5,52.8
295,Ola Electric,olaelectric.com,Bangalore India,EV Scooters B2C,B2C,Hybrid Bangalore,20,35,INR,Public,0,Not profitable,N/A,No,3.2,No,7,5,7,5,8,6.5,52.5
296,Rapido,rapido.bike,Bangalore India,Bike Taxi B2C,B2C,Hybrid Bangalore,18,30,INR,Series E,180000000,200000000,2023,No,3.5,No,7,4.5,7.5,6,8,7,51.8
297,Stanza Living,stanzaliving.com,Delhi India,Student/Young Pro Housing,B2C,Hybrid Delhi,15,25,INR,Series D,219000000,53000000,2022,No,3.5,No,6,4,7,5,7,7,48.5
298,Housing.com (PropTiger),housing.com,Mumbai India,Online Real Estate B2C,B2C,Hybrid Mumbai,18,28,INR,Subsidiary,0,N/A,N/A,No,3.7,No,6,4.5,7,5,7,7.5,49.8
299,NoBroker,nobroker.in,Bangalore India,PropTech B2C,B2C,Hybrid Bangalore,18,30,INR,Series E,210000000,210000000,2021,No,3.8,No,6,4.5,7.5,6,7,7.5,50.8
300,ShareChat,sharechat.com,Bangalore India,Social Media B2C India,B2C,Hybrid Bangalore,20,35,INR,Series J,1100000000,255000000,2021,No,3.5,No,7,5,7.5,6,9,7,54.0
301,Dailyhunt (Verse),dailyhunt.in,Bangalore India,News + Short Video B2C,B2C,Hybrid Bangalore,18,28,INR,Series B,805000000,805000000,2022,No,3.5,No,7,4.5,7.5,6,9,7,53.3
302,Josh,mxmvideo.in,Bangalore India,Short Video B2C,B2C,Hybrid Bangalore,18,28,INR,Subsidiary,0,N/A,N/A,No,3.5,No,8,4.5,7.5,6,9,7,54.0
303,Moj (ShareChat),sharechat.com,Bangalore India,Short Video B2C India,B2C,Hybrid Bangalore,20,35,INR,Series J,1100000000,255000000,2021,No,3.5,No,8,5,7.5,6,9,7,55.0
304,Lokal,lokal.social,Hyderabad India,Hyperlocal Content B2C,B2C,Hybrid Hyderabad,12,20,INR,Series B,9000000,9000000,2021,No,3.8,No,7,3,6.5,6.5,8,7.5,48.5
305,InShorts,inshorts.com,Bangalore India,News App B2C,B2C,Hybrid Bangalore,15,25,INR,Series C,100000000,60000000,2022,No,3.7,No,7,4,7,6,8,7.5,51.0
306,Pratilipi,pratilipi.com,Bangalore India,Indian Language Content,B2C,Hybrid Bangalore,12,20,INR,Series D,57000000,48000000,2021,No,3.8,No,7,3,7,6,8,7.5,49.0
307,Kutumb,kutumb.app,Bangalore India,Community App India,B2C,Hybrid Bangalore,12,20,INR,Series A,15000000,15000000,2022,No,3.8,No,7,3,6.5,6,8,7.5,48.5
308,Clip (short video),clip.com,India,Short Video AI,B2C,Hybrid,10,18,INR,Seed,2000000,2000000,2023,No,3.5,No,8,2.5,5.5,6,8,7,46.8
309,FrontRow,frontrow.co,Mumbai India,Live Studio Learning,B2C,Hybrid Mumbai,12,20,INR,Series A,17000000,17000000,2021,No,3.7,No,7,3,6.5,6,8,7.5,49.0
310,Khatabook,khatabook.com,Bangalore India,SMB Bookkeeping,B2B,Hybrid Bangalore,15,25,INR,Series C,100000000,100000000,2021,No,3.7,No,6,4,7.5,6,7,7.5,50.5
311,OkCredit,okcredit.in,Bangalore India,SMB Credit Management,B2B,Hybrid Bangalore,12,20,INR,Series B,83000000,67000000,2021,No,3.7,No,6,3,7,6,7,7.5,49.0
312,Locus,locus.sh,Bangalore India,AI Logistics Optimization,B2B,Hybrid Bangalore,18,30,INR,Series C,81000000,50000000,2022,No,3.8,No,7,4.5,7.5,6,7,7.5,52.5
313,GreyOrange,greyorange.com,Gurugram India,Warehouse Robotics AI,B2B,Hybrid Gurugram,18,30,INR,Series D,170000000,135000000,2021,No,3.5,No,7,4.5,7.5,5,7,7,50.8
314,Detect Technologies,detect.app,Chennai India,Industrial AI Safety,B2B,Hybrid Chennai,12,22,INR,Series B,15000000,15000000,2022,No,3.7,No,8,3,6.5,6,7,7.5,48.3
315,SigSense,sigsense.ai,Hyderabad India,Industrial IoT AI,B2B,Hybrid Hyderabad,10,18,INR,Series A,6000000,6000000,2022,No,3.6,No,7,2.5,6,6.5,7,7.5,46.3
316,Mad Street Den (Vue.ai),vue.ai,Chennai India,AI for Retail,B2B,Hybrid Chennai,15,25,INR,Series C,30000000,25000000,2022,No,3.8,No,8,4,7,6,7,7.5,51.8
317,Scaler Academy,scaler.com,Bangalore India,Tech EdTech B2C,B2C,Hybrid Bangalore,18,30,INR,Series B,55000000,55000000,2022,No,3.8,No,7,4.5,7.5,6,8,7.5,52.8
318,Masai School,masaischool.com,Bangalore India,Coding Bootcamp B2C,B2C,Hybrid Bangalore,12,20,INR,Series B,35000000,35000000,2022,No,3.7,No,7,3,7,6,8,7.5,50.0
319,Apna.co,apna.co,Bangalore India,Job Platform Blue-collar,B2C,Hybrid Bangalore,18,30,INR,Series D,193000000,100000000,2022,No,3.7,No,7,4.5,7.5,6,8,7.5,52.8
320,Internshala,internshala.com,Gurugram India,Internship Platform B2C,B2C,Hybrid Gurugram,15,22,INR,Bootstrapped,0,Profitable,N/A,No,3.8,No,6,4,8,5,7,7.5,50.8
321,Hirect,hirect.in,Hyderabad India,AI Hiring Chat Platform,Both,Hybrid Hyderabad,12,20,INR,Series A,10000000,10000000,2022,No,3.7,No,7,3,6.5,6.5,7,7.5,49.0
322,Springworks,springworks.in,Bangalore India,HR SaaS India,B2B,Hybrid Bangalore,15,25,INR,Series A,5000000,5000000,2021,No,4.0,No,6,4,6.5,6,6,8,49.5
323,Kredily,kredily.com,Bangalore India,HR Payroll India,B2B,Hybrid Bangalore,10,18,INR,Seed,2000000,2000000,2021,No,3.8,No,6,2.5,5.5,6,6,7.5,45.8
324,Razorpay X (neo-banking),razorpay.com,Bangalore India,Neobanking for Businesses,B2B,Hybrid Bangalore,35,50,INR,Series F,741500000,375000000,2021,No,3.8,No,7,6.5,8,6,7,7.5,59.8
325,Groww Mutual Fund PM,groww.in,Bangalore India,B2C FinTech Investing,B2C,Hybrid Bangalore,38,55,INR,Series F,393000000,251000000,2021,No,3.9,No,7,7,7.5,6,9,8,63.0
326,Lunchclub,lunchclub.com,San Francisco USA,AI Networking Platform,Both,Remote,850,1105,USD,Series A,25000000,4000000,2021,No,4.0,No,7,6,6.5,10,7,8,53.5
327,Hopin (RingCentral),hopin.com,Distributed,Virtual Events Platform,Both,Remote,850,1105,USD,Acquired,1000000000,Acquired,2022,No,3.8,No,6,6,7,10,6,7.5,52.0
328,Airmeet,airmeet.com,Bangalore India,Virtual Events Platform,Both,Hybrid Bangalore,15,25,INR,Series B,12000000,12000000,2021,No,3.8,No,6,4,6.5,6,6,7.5,47.0
329,Bevy,bevy.com,Palo Alto USA,Community Events Platform,B2B,Remote,850,1105,USD,Series C,40000000,26000000,2021,No,4.0,No,6,6,7,10,6,8,52.5
330,Swapcard,swapcard.com,Paris France,AI Event Management,B2B,Hybrid Paris,595,850,USD,Series A,13000000,13000000,2021,No,3.8,No,6,5,6.5,6,6,7.5,49.0
331,Eventbrite,eventbrite.com,Nashville USA,Event Ticketing B2C,B2C,Hybrid,850,1105,USD,Public,0,Near profitable,N/A,No,3.8,No,6,6,7.5,6,7,7.5,54.5
332,Dice.fm,dice.fm,London UK,Music & Events Discovery B2C,B2C,Hybrid London,595,850,USD,Series B,122000000,65000000,2021,No,4.1,No,8,5.5,7.5,6,9,8.5,56.5
333,Bandcamp (Songtradr),bandcamp.com,Oakland USA,Artist Music Platform B2C,B2C,Hybrid,850,1105,USD,Acquired,N/A,Acquired,2022,No,3.8,No,9,6,7,6,9,7.5,58.0
334,SoundCloud,soundcloud.com,Berlin Germany,Music Streaming & Creator,B2C,Hybrid Berlin,680,935,USD,Private,75000000,75000000,2021,No,4.0,No,9,5.5,7,6,9,8,58.5
335,Audiomack,audiomack.com,New York USA,Music Streaming B2C,B2C,Hybrid NY,680,935,USD,Series A,6000000,6000000,2021,No,3.8,No,9,5.5,6.5,6,9,7.5,57.0
336,Epidemic Sound,epidemicsound.com,Stockholm Sweden,Licensed Music for Creators,Both,Hybrid Stockholm,680,935,USD,Series C,450000000,450000000,2021,No,4.1,No,9,5.5,8,6,8,8.5,58.3
337,Artlist,artlist.io,Tel Aviv Israel,Licensed Music & SFX B2C,B2C,Hybrid,680,935,USD,Series A,48000000,48000000,2021,No,4.0,No,9,5.5,7.5,6,8,8,57.5
338,Moises App,moises.ai,São Paulo Brazil,AI Audio Tools Musicians,B2C,Remote,680,935,USD,Series A,7000000,7000000,2022,No,4.0,No,9,5.5,6.5,10,9,8,57.8
339,Endel,endel.io,Berlin Germany,AI Soundscapes / Wellness,B2C,Remote-friendly,595,850,USD,Seed,5000000,5000000,2022,No,4.2,No,8,5,6,8,8,8.5,54.3
340,Musicfy,musicfy.lol,San Francisco USA,AI Voice Cloning for Music,B2C,Remote,595,850,USD,Seed,2000000,2000000,2023,No,3.8,No,9,5,5.5,10,9,7.5,54.0
341,PlayHT,play.ht,Montreal Canada,AI Voice Generation B2B,Both,Remote,850,1105,USD,Series A,10000000,10000000,2023,No,4.0,No,9,6,7,10,8,8,57.5
342,Resemble AI,resemble.ai,San Francisco USA,AI Voice Cloning,Both,Remote,850,1105,USD,Series A,8000000,8000000,2022,No,4.0,No,9,6,6.5,10,8,8,56.8
343,Coqui,coqui.ai,Berlin Germany,Open-source TTS AI,Both,Remote,595,850,USD,Seed,3000000,3000000,2022,No,4.0,No,9,5,5.5,10,8,8,53.5
344,Aiva Technologies,aiva.ai,Luxembourg,AI Music Composition,B2C,Remote,595,850,USD,Bootstrapped,0,0,Profitable,No,4.1,No,9,5,7,10,9,8.5,56.5
345,Soundful,soundful.com,San Diego USA,AI Music Creator Tools,B2C,Remote,680,935,USD,Seed,2000000,2000000,2022,No,4.0,No,9,5.5,5.5,10,9,8,55.5
346,Loudly,loudly.com,Berlin Germany,AI Music Generation SaaS,Both,Remote,595,850,USD,Series A,5000000,5000000,2023,No,4.0,No,9,5,6.5,10,8,8,55.0
347,Boomy Music,boomy.com,San Francisco USA,AI Song Creation B2C,B2C,Hybrid,680,935,USD,Seed,6000000,6000000,2021,No,4.0,No,9,5.5,6,8,9,8,56.3
348,Splash (Harmonai),splashmusic.com,Tel Aviv Israel,AI Music Making App,B2C,Hybrid,680,935,USD,Series A,20000000,20000000,2022,No,4.0,No,9,5.5,7,6,9,8,57.0
349,Soundverse,soundverse.ai,Noida India,AI Music Platform India,Both,Hybrid Noida,12,20,INR,Seed,1000000,1000000,2023,No,4.0,No,9,3,5.5,6.5,9,8,49.5
350,Kaiber,kaiber.ai,San Francisco USA,AI Video / Music Visualizer,B2C,Remote,680,935,USD,Seed,5000000,5000000,2023,No,4.0,No,9,5.5,5.5,10,9,8,55.5
351,RunComfy (ComfyUI),runcomfy.com,Distributed,AI Image Gen Cloud,B2C,Remote,850,1105,USD,Seed,3000000,3000000,2024,No,4.0,No,9,6,5.5,10,9,8,55.8
352,Civitai,civitai.com,San Francisco USA,AI Art Model Community,B2C,Remote,680,935,USD,Seed,5000000,5000000,2023,No,4.0,No,9,5.5,5.5,10,9,7.5,55.0
353,NightCafe,creator.nightcafe.studio,Brisbane Australia,AI Art Creative Platform,B2C,Remote,595,850,USD,Bootstrapped,0,0,Profitable,No,4.1,No,9,5,7,10,9,8,56.0
354,Scenario,scenario.com,Paris France,AI Art for Game Developers,Both,Remote,680,935,USD,Seed,6000000,6000000,2023,No,4.1,No,9,5.5,6,10,9,8.5,56.3
355,Luma AI,lumalabs.ai,San Francisco USA,AI 3D / Video Generation,Both,Hybrid SF,1105,1402,USD,Series B,43000000,43000000,2023,No,4.0,No,9,7,8,6,9,8,59.3
356,Wonder Dynamics,wonderdynamics.com,Los Angeles USA,AI VFX Platform,Both,Hybrid,935,1190,USD,Acquired,10000000,Acquired,2023,No,4.0,No,9,6.5,7,6,9,8,57.5
357,Stability AI (EU),stability.ai,London UK,AI Image/Video Models,Both,Remote,850,1190,USD,Series A,101000000,101000000,2022,No,3.5,No,9,6,5.5,10,9,7,55.5
358,Ideogram,ideogram.ai,San Francisco USA,AI Image Generation,B2C,Hybrid SF,1105,1402,USD,Series B,80000000,80000000,2024,No,4.0,No,9,7,8,6,9,8,60.3
359,Adobe Firefly PM,adobe.com,Remote India,AI Creative Suite,Both,Remote,45,65,INR,Public,0,Profitable,N/A,Yes,4.0,Yes,9,8,10,10,9,8,71.5
360,Canva (India PM contract),canva.com,Remote India,AI Design Platform,Both,Remote,40,60,INR,Late Stage,0,Profitable,N/A,Yes,4.3,Yes,9,7.5,9,10,10,8.5,70.3
361,Figma (Europe PM),figma.com,Remote EU,AI Design Tools,Both,Remote,680,935,USD,Pre-IPO,0,Profitable,N/A,No,4.5,No,9,5.5,9,10,10,9,66.5
362,Sketch,sketch.com,Amsterdam Netherlands,Design Tool,Both,Remote-first,595,850,USD,Bootstrapped,0,Profitable,N/A,No,4.4,No,8,5,9,10,9,8.5,61.5
363,Procreate (Savage Interactive),procreate.com,Hobart Australia,Digital Art iOS App,B2C,Hybrid,595,850,USD,Bootstrapped,0,Profitable,N/A,No,4.5,No,9,5,9,6,9,9,61.0
364,Affinity (Canva),affinity.serif.com,Nottingham UK,Professional Design Suite,Both,Remote,595,850,USD,Acquired,Acquired,Acquired,2024,No,4.2,No,8,5,8.5,10,9,8.5,61.5
365,Clip Studio Paint (Celsys),clipstudio.net,Tokyo Japan,Digital Art Software,B2C,Hybrid,595,850,USD,Public,0,Profitable,N/A,No,4.0,No,8,5,9,6,8,8,58.0
366,Vectornator (Linearity),linearity.io,Zurich Switzerland,AI Vector Design B2C,Both,Hybrid Zurich,595,935,USD,Series A,12000000,12000000,2022,No,4.2,No,8,6,6.5,6,9,8.5,56.3
367,Graphite.dev,graphite.dev,San Francisco USA,AI Code Review tool,Both,Remote,1105,1402,USD,Series B,52000000,52000000,2024,No,4.0,No,9,7,8,10,8,8,60.5
368,Swimm,swimm.io,Tel Aviv Israel,AI Code Documentation,Both,Remote,850,1105,USD,Series B,27500000,17500000,2022,No,4.0,No,9,6,7.5,10,8,8,58.5
369,Codium AI,codium.ai,Israel,AI Test Generation,Both,Remote,850,1105,USD,Series B,40000000,29000000,2023,No,4.0,No,9,6,7.5,10,8,8,58.5
370,Pieces for Developers,pieces.app,Cincinnati USA,AI Developer Memory,Both,Hybrid,850,1105,USD,Series A,8000000,8000000,2023,No,4.1,No,9,6,6.5,6,8,8.5,55.8
371,Zepp Health,zepp.com,San Jose USA,Wearables / Consumer Health,B2C,Hybrid,935,1190,USD,Public,0,Near profitable,N/A,Yes,3.8,No,7,6.5,8,6,8,7.5,57.5
372,Oura Ring,ouraring.com,Oulu Finland,Consumer Health Wearable,B2C,Hybrid,1105,1402,USD,Series D,148000000,75000000,2022,No,4.2,No,7,7,8.5,6,8,8.5,59.5
373,Whoop,whoop.com,Boston USA,Athletic Health Wearable,B2C,Hybrid Boston,1020,1275,USD,Series F,400000000,200000000,2021,No,4.0,No,7,7,8.5,6,8,8,59.0
374,Calm,calm.com,San Francisco USA,Mental Wellness App B2C,B2C,Hybrid,1020,1275,USD,Series C,218000000,75000000,2020,No,4.2,No,7,7,8,6,8,8.5,58.5
375,Noom,noom.com,New York USA,Health & Weight Loss B2C,B2C,Hybrid NY,935,1190,USD,Series F,540000000,540000000,2021,No,3.8,No,7,6.5,8,6,8,7.5,57.3
376,Strava,strava.com,San Francisco USA,Fitness Social Network B2C,B2C,Hybrid SF,935,1190,USD,Series E,110000000,110000000,2020,Yes,4.3,No,7,6.5,8,6,8,8.5,57.5
377,Zwift,zwift.com,Long Beach USA,Virtual Cycling Racing B2C,B2C,Hybrid,935,1190,USD,Series B,450000000,450000000,2020,No,3.8,No,7,6.5,8,6,8,7.5,57.0
378,Peloton,onepeloton.com,New York USA,Connected Fitness B2C,B2C,Hybrid NY,1020,1275,USD,Public,0,Not profitable,N/A,No,3.5,No,7,7,7,6,8,7,55.8
379,Flo Health,flo.health,London UK,Women Health App B2C,B2C,Hybrid London,850,1105,USD,Series C,200000000,200000000,2023,No,4.2,No,8,6,8,6,8,8.5,58.3
380,BetterUp,betterup.com,San Francisco USA,AI Coaching for Professionals,Both,Hybrid,1190,1487,USD,Series E,300000000,100000000,2022,No,4.1,No,7,7.5,8.5,6,7,8.5,59.8
381,Maven Clinic,maven.com,New York USA,Women & Family Health,Both,Hybrid NY,1105,1402,USD,Series F,300000000,125000000,2023,No,4.2,No,7,7,8.5,6,7,8.5,58.8
382,Cerebral,cerebral.com,San Francisco USA,Mental Health Platform,B2C,Remote,935,1190,USD,Series C,300000000,300000000,2021,No,3.7,No,8,6.5,7.5,10,8,7.5,58.3
383,Spring Health,springhealth.com,New York USA,Mental Health Benefits,B2B,Hybrid NY,1105,1402,USD,Series E,426000000,100000000,2024,No,4.1,No,7,7,8.5,6,7,8,58.5
384,Sword Health,swordhealth.com,San Francisco USA,Digital PT / MSK Health,B2B,Hybrid,935,1190,USD,Series D,163000000,163000000,2021,No,4.0,No,7,6.5,8,6,7,8,57.3
385,Ro (Roman Health),ro.co,New York USA,Telehealth B2C,B2C,Hybrid NY,1020,1275,USD,Series D,876000000,150000000,2022,No,3.9,No,7,7,8.5,6,8,7.5,58.5
386,Hims & Hers,forhims.com,San Francisco USA,DTC Health & Wellness,B2C,Hybrid,935,1190,USD,Public,0,Near profitable,N/A,No,3.8,No,7,6.5,8,6,8,7.5,57.3
387,Noom Health,noom.com,New York USA,Consumer Behavioral Health,B2C,Hybrid,935,1190,USD,Series F,540000000,200000000,2021,No,3.8,No,7,6.5,8,6,8,7.5,57.3
388,Wysa,wysa.io,London UK,AI Mental Health Companion,B2C,Hybrid,595,850,USD,Series B,20000000,20000000,2022,No,4.2,No,8,5,7,6,8,8.5,55.0
389,Woebot Health,woebot.io,San Francisco USA,AI Mental Health Chatbot,B2C,Hybrid,850,1105,USD,Series B,90000000,90000000,2021,No,4.1,No,8,6,7.5,6,8,8,57.3
390,Koo App,kooapp.com,Bangalore India,Twitter-alt India B2C,B2C,Hybrid Bangalore,12,20,INR,Series D,67000000,20000000,2022,No,3.3,No,7,3,6.5,6,8,6.5,47.5
391,Presto Automation,presto.com,San Jose USA,AI for Restaurant Ordering,B2B,Hybrid,850,1105,USD,Public,0,Not profitable,N/A,No,3.3,No,7,6,6,6,7,6.5,51.8
392,Pepper Content,peppercontent.io,Mumbai India,AI Content Platform,Both,Hybrid Mumbai,15,25,INR,Series B,16000000,16000000,2022,No,3.8,No,7,4,7,6,7,7.5,50.5
393,Quizizz,quizizz.com,Bangalore India,EdTech Gamification,Both,Hybrid Bangalore,18,30,INR,Series C,31500000,31500000,2022,No,4.0,No,7,4.5,7.5,6,7,8,52.5
394,Tobi.ai,tobi.ai,Stockholm Sweden,AI Customer Support,B2B,Hybrid,680,935,USD,Series A,7000000,7000000,2022,No,4.0,No,8,5.5,6.5,6,7,8,53.3
395,Tiledesk,tiledesk.com,Italy,Open-source AI Chat,Both,Remote,595,850,USD,Seed,2000000,2000000,2022,No,4.0,No,7,5,5.5,10,7,8,52.0
396,Kommunicate,kommunicate.io,Bangalore India,AI Customer Support India,B2B,Hybrid Bangalore,12,20,INR,Seed,1000000,1000000,2022,No,3.8,No,7,3,5.5,6.5,7,7.5,47.0
397,Yellow.ai,yellow.ai,San Francisco USA,Conversational AI B2B,B2B,Hybrid,850,1105,USD,Series D,102000000,78000000,2022,No,3.8,No,8,6,8,6,7,7.5,56.8
398,Haptik (Jio),haptik.ai,Mumbai India,Conversational AI India,B2B,Hybrid Mumbai,15,25,INR,Acquired,100000000,Acquired,2019,No,3.7,No,7,4,7.5,6,7,7.5,51.3
399,Kore.ai,kore.ai,Orlando USA,Enterprise AI Agents,B2B,Hybrid,1020,1317,USD,Series D,238000000,150000000,2024,No,3.8,No,9,7,8.5,6,7,7.5,59.5
400,Aisera,aisera.com,Palo Alto USA,Enterprise AI Service Desk,B2B,Hybrid,1020,1317,USD,Series E,183000000,90000000,2022,No,3.8,No,9,7,8.5,6,7,7.5,59.0
